,attributes,cluster,ind,llibres_recomanats,llibres_usuari,puntuacio_llibres,val_llibres,vector
0,"{'llibres_usuari': ['9780307335852', '9781843541851', '9780552154284', '9780689869037', '9780743286985'], 'val_llibres': [2, 3, 5, 1, 4], 'llibres_recomanats': ['9780843943993', '9780312422301', '9780061144899'], 'puntuacio_llibres': [3, 4, 3, 2, 0]}",3,0,"['9780843943993', '9780312422301', '9780061144899']","['9780307335852', '9781843541851', '9780552154284', '9780689869037', '9780743286985']","[3, 4, 3, 2, 0]","[2, 3, 5, 1, 4]","[ 0.8 -0.2  0.   0.   0.   0.4  0.   0.   0.6  0.   0.   0.   0.   0.
  0.   0.   0.   0.   0.   0.  -0.2  0.  -0.6  0.   0.   0.   0.   0.
  0.   0.2  0.   1.   0.   0.   0.6 -0.6  1.   0.6  0.4  1.  -0.2  0.2
  0.4  0.6  0.8  0.   0.2  1.6  0.  -0.6 -0.4  1.6 -0.2]"
1,"{'llibres_usuari': ['9780553589498', '9780375757372', '9780393978513', '9780671521103', '9781579652524'], 'val_llibres': [3, 4, 5, 3, 5], 'llibres_recomanats': ['9780142402245', '9781580631600', '9780878510375'], 'puntuacio_llibres': [4, 4, 4, 0, 3]}",3,1,"['9780142402245', '9781580631600', '9780878510375']","['9780553589498', '9780375757372', '9780393978513', '9780671521103', '9781579652524']","[4, 4, 4, 0, 3]","[3, 4, 5, 3, 5]","[0.2 0.8 0.  1.  1.  0.  0.  0.  0.  0.  0.  0.  0.  1.  0.6 0.2 0.  0.
 0.  0.2 0.  0.  0.  0.  0.  0.  0.  0.  1.  0.  0.  0.  0.  0.  1.8 0.2
 1.  1.8 1.2 1.  0.6 1.4 1.  2.  2.2 0.8 0.  1.6 1.  0.4 0.2 1.8 1. ]"
2,"{'llibres_usuari': ['9780764555893', '9780670060238', '9780440424949', '9780810970526', '9780195117950'], 'val_llibres': [1, 2, 0, 1, 3], 'llibres_recomanats': ['9780823006571', '9780394571072', '9780141439631'], 'puntuacio_llibres': [5, 2, 5, 3, 3]}",0,2,"['9780823006571', '9780394571072', '9780141439631']","['9780764555893', '9780670060238', '9780440424949', '9780810970526', '9780195117950']","[5, 2, 5, 3, 3]","[1, 2, 0, 1, 3]","[ 0.   0.   0.   0.2 -0.6 -1.  -0.8  0.   0.   0.   0.   0.   0.  -0.2
  0.   0.   0.   0.   0.   0.   0.   0.   0.   0.   0.   0.   0.   0.
  0.   0.2  0.  -1.6 -0.6  0.  -0.8 -0.4 -1.  -1.  -1.2 -0.8 -1.  -0.4
 -1.8 -0.4 -0.6 -0.6 -1.  -1.   0.  -1.2 -1.  -0.2 -1. ]"
3,"{'llibres_usuari': ['9780756622381', '9780671746063', '9780140444414', '9780345465542', '9780976882305'], 'val_llibres': [4, 1, 3, 1, 5], 'llibres_recomanats': ['9780747236047', '9780060722296', '9780764586712'], 'puntuacio_llibres': [5, 0, 2, 3, 4]}",1,3,"['9780747236047', '9780060722296', '9780764586712']","['9780756622381', '9780671746063', '9780140444414', '9780345465542', '9780976882305']","[5, 0, 2, 3, 4]","[4, 1, 3, 1, 5]","[ 0.   0.  -0.6  0.6  0.2  0.4  0.   0.   0.   0.   0.   0.   0.  -0.6
  0.2  0.   0.   0.   0.   0.   0.  -0.6  0.   0.   0.   0.   0.   0.
  0.6  0.   0.   1.   0.   0.   0.   0.4  0.2  1.  -0.4  0.6  0.4 -0.4
  0.8 -0.2  1.  -0.4  0.   1.  -1.2  0.8  0.2  0.4  0. ]"
4,"{'llibres_usuari': ['9780007102228', '9780880071314', '9780788789847', '9780060850524', '9780307237903'], 'val_llibres': [3, 0, 1, 4, 5], 'llibres_recomanats': ['9781877058332', '9781586857721', '9781840462685'], 'puntuacio_llibres': [0, 0, 0, 5, 0]}",1,4,"['9781877058332', '9781586857721', '9781840462685']","['9780007102228', '9780880071314', '9780788789847', '9780060850524', '9780307237903']","[0, 0, 0, 5, 0]","[3, 0, 1, 4, 5]","[ 0.2  1.  -1.   0.   0.   0.   0.   0.  -1.   0.   0.   0.   0.   0.
  0.   0.  -0.6  0.   1.   0.6  0.2  0.   0.   0.   0.   0.   0.   0.
  0.   0.   0.   0.   0.   0.  -1.   1.   0.2  1.2 -1.   0.  -0.6  0.8
  1.8 -1.6 -0.2  0.4  0.  -0.4 -0.4  1.   1.2  0.  -1. ]"
5,"{'llibres_usuari': ['9781400076505', '9780736697507', '9780415929134', '9780761452423', '9780970998712'], 'val_llibres': [5, 0, 2, 4, 4], 'llibres_recomanats': ['9780747257356', '9781931615037', '9781565847040'], 'puntuacio_llibres': [4, 1, 5, 3, 3]}",1,5,"['9780747257356', '9781931615037', '9781565847040']","['9781400076505', '9780736697507', '9780415929134', '9780761452423', '9780970998712']","[4, 1, 5, 3, 3]","[5, 0, 2, 4, 4]","[ 0.6  0.   0.8  0.6  0.   0.  -1.   0.   0.   0.   0.   0.   0.   0.
  0.   0.   0.   0.   0.   0.   0.   0.   0.   0.   1.   0.   0.6 -1.
  0.   0.   0.   0.   0.6 -0.2  0.  -0.4  1.4  0.6  0.4  2.  -1.   0.
  0.6  0.4 -0.6  1.   0.6  0.4  0.   0.6  0.6 -0.2  0.6]"
6,"{'llibres_usuari': ['9780441294701', '9780743471237', '9780439827607', '9781582346816', '9780809530953'], 'val_llibres': [3, 4, 0, 2, 3], 'llibres_recomanats': ['9789571343891', '9781571290533', '9780099474388'], 'puntuacio_llibres': [3, 5, 0, 5, 5]}",1,6,"['9789571343891', '9781571290533', '9780099474388']","['9780441294701', '9780743471237', '9780439827607', '9781582346816', '9780809530953']","[3, 5, 0, 5, 5]","[3, 4, 0, 2, 3]","[ 0.   0.   0.4  0.2 -0.8  0.   0.   0.   0.   0.   0.   0.6  0.   0.
  0.   0.   0.   0.   0.   0.2  0.   0.   0.  -1.   0.2  0.   0.  -0.2
  0.   0.   0.   0.   0.   0.   0.   0.  -0.2  0.2 -0.4  0.  -1.   0.8
  0.6 -0.8  0.2  0.8 -1.2 -1.2  0.   1.  -0.8  0.4  0.2]"
7,"{'llibres_usuari': ['9780060838591', '9780698119604', '9781402725005', '9780804119436', '9780689846731'], 'val_llibres': [4, 0, 3, 0, 0], 'llibres_recomanats': ['9780441014651', '9780060192778', '9782020416405'], 'puntuacio_llibres': [4, 2, 2, 0, 4]}",0,7,"['9780441014651', '9780060192778', '9782020416405']","['9780060838591', '9780698119604', '9781402725005', '9780804119436', '9780689846731']","[4, 2, 2, 0, 4]","[4, 0, 3, 0, 0]","[ 0.   0.  -0.4 -2.   0.2  0.   0.   0.   0.   0.   0.   0.   0.2  0.6
  0.   0.   0.   0.   0.   0.   0.   0.   0.   0.   0.   0.   0.   0.
 -1.  -1.   0.   0.  -1.   0.   0.8 -2.  -1.  -0.4 -1.8 -0.2  0.  -2.
 -1.2 -1.  -0.8  0.  -1.4 -2.  -0.2  0.  -0.2  0.  -2. ]"
8,"{'llibres_usuari': ['9780316155601', '9780198320272', '9780471791430', '9782253008484', '9780575073609'], 'val_llibres': [1, 4, 1, 3, 4], 'llibres_recomanats': ['9780393960570', '9780691015972', '9780312980160'], 'puntuacio_llibres': [4, 2, 1, 1, 0]}",2,8,"['9780393960570', '9780691015972', '9780312980160']","['9780316155601', '9780198320272', '9780471791430', '9782253008484', '9780575073609']","[4, 2, 1, 1, 0]","[1, 4, 1, 3, 4]","[ 0.   0.   0.2 -1.2  0.6  0.   0.6  0.   0.   0.   0.   0.   0.   0.2
  0.   0.   0.   0.  -0.6  0.   0.   0.   0.   0.   0.6  0.   0.   0.
  0.  -0.6  0.6  0.   0.   0.  -0.6  0.6  0.2 -1.   1.2  0.2  1.2 -1.2
  0.   0.2  0.  -0.4  0.6 -0.4  0.   0.6  1.4 -0.6 -0.6]"
9,"{'llibres_usuari': ['9780830833290', '9780142403228', '9780452287068', '9780727845641', '9780140442090'], 'val_llibres': [2, 2, 0, 1, 3], 'llibres_recomanats': ['9780767906722', '9780670044368', '9781400043460'], 'puntuacio_llibres': [2, 3, 2, 3, 4]}",0,9,"['9780767906722', '9780670044368', '9781400043460']","['9780830833290', '9780142403228', '9780452287068', '9780727845641', '9780140442090']","[2, 3, 2, 3, 4]","[2, 2, 0, 1, 3]","[ 0.  -1.   0.2  0.  -0.4 -0.6  0.  -0.6  0.   0.   0.   0.   0.  -1.
  0.   0.   0.   0.   0.   0.  -0.2  0.   0.   0.   0.2 -0.2  0.   0.
  0.   0.   0.   0.   0.   0.  -0.6 -1.  -0.2 -0.8 -1.  -0.4  0.  -1.4
 -0.2 -1.6 -1.2 -0.8  0.2 -0.2 -0.8 -0.8 -1.6  0.  -0.2]"
10,"{'llibres_usuari': ['9781560600800', '9780486424538', '9780552152969', '9780393002034', '9781859846513'], 'val_llibres': [1, 5, 2, 5, 5], 'llibres_recomanats': ['9780826453273', '9781416903376', '9780684850276'], 'puntuacio_llibres': [1, 0, 3, 2, 1]}",3,10,"['9780826453273', '9781416903376', '9780684850276']","['9781560600800', '9780486424538', '9780552152969', '9780393002034', '9781859846513']","[1, 0, 3, 2, 1]","[1, 5, 2, 5, 5]","[ 1.  -0.6  1.   0.  -0.2  0.   1.  -0.6  0.   1.   0.   0.   0.   0.
  0.   1.   0.   0.   0.   0.   0.   0.  -0.2  0.   0.   0.   1.   0.
  0.   0.   0.   0.   0.   0.   1.8  0.   0.4  1.   1.2 -0.2  1.   1.4
  0.8  1.4  1.2  0.   1.   0.4  0.   1.8  0.   2.   0.2]"
11,"{'llibres_usuari': ['9780679722311', '9780552998680', '9780375415029', '9780451203052', '9780071422802'], 'val_llibres': [4, 5, 4, 0, 2], 'llibres_recomanats': ['9780571206926', '9780812034073', '9780517289365'], 'puntuacio_llibres': [2, 3, 1, 3, 5]}",1,11,"['9780571206926', '9780812034073', '9780517289365']","['9780679722311', '9780552998680', '9780375415029', '9780451203052', '9780071422802']","[2, 3, 1, 3, 5]","[4, 5, 4, 0, 2]","[ 0.6  0.6  0.   0.   0.   0.8 -1.   0.6  0.   0.   0.   0.  -0.2  0.
  0.   0.   0.   0.   0.   0.   0.   0.  -1.   0.   0.   0.   0.   0.
  0.6  0.   0.   0.   1.   0.   0.   1.   0.   1.6 -0.6  0.6  0.4  0.
  2.2 -1.2  0.4  0.6  0.  -1.2  0.   2.2 -0.4  0.4  1. ]"
12,"{'llibres_usuari': ['9780872201774', '9780586087992', '9780340766187', '9780831727529', '9780312118181'], 'val_llibres': [5, 5, 2, 0, 1], 'llibres_recomanats': ['9780553580839', '9780060890315', '9780061137457'], 'puntuacio_llibres': [3, 1, 5, 2, 2]}",2,12,"['9780553580839', '9780060890315', '9780061137457']","['9780872201774', '9780586087992', '9780340766187', '9780831727529', '9780312118181']","[3, 1, 5, 2, 2]","[5, 5, 2, 0, 1]","[-1.  -0.2  0.  -0.6  1.   0.   1.   0.   0.   0.  -0.6  0.   0.   0.
  0.   0.   0.   0.   0.   0.   2.   0.   0.   0.   0.   0.  -1.  -0.2
  0.   0.   0.   0.   0.   0.  -0.6 -1.2  2.  -0.6  0.8  0.   0.4 -0.2
  0.4 -0.2 -0.6  0.8  0.   0.4  1.  -1.2 -0.2  1.  -0.6]"
13,"{'llibres_usuari': ['9781566918084', '9780691014227', '9780886875534', '9781555176808', '9780714843308'], 'val_llibres': [2, 4, 5, 4, 3], 'llibres_recomanats': ['9780674644847', '9780698119604', '9780195145663'], 'puntuacio_llibres': [4, 3, 1, 1, 0]}",3,13,"['9780674644847', '9780698119604', '9780195145663']","['9781566918084', '9780691014227', '9780886875534', '9781555176808', '9780714843308']","[4, 3, 1, 1, 0]","[2, 4, 5, 4, 3]","[ 0.   0.   0.2  0.6 -0.2  0.6  1.   0.   0.   0.   0.2  0.   0.   0.
  0.   0.   0.6  0.   0.   0.   0.   0.   0.   0.   0.   1.   0.   0.
 -0.2  0.   0.6  0.   0.   0.   0.8  0.6  0.8 -0.2  2.4  1.   0.6  0.6
  0.   2.2  1.4  1.  -0.2 -0.2  0.6  1.8  0.6  1.   0.6]"
14,"{'llibres_usuari': ['9780674954014', '9780425203897', '9780778320890', '9780786715794', '9780758201553'], 'val_llibres': [0, 1, 1, 5, 1], 'llibres_recomanats': ['9780723247708', '9780060088743', '9780590849029'], 'puntuacio_llibres': [2, 0, 5, 5, 0]}",0,14,"['9780723247708', '9780060088743', '9780590849029']","['9780674954014', '9780425203897', '9780778320890', '9780786715794', '9780758201553']","[2, 0, 5, 5, 0]","[0, 1, 1, 5, 1]","[ 1.  -0.6  0.  -2.2  0.   0.   0.  -0.6  0.  -1.   0.   0.  -0.6  0.
  0.   0.   0.   0.   1.   0.   0.   0.   0.   0.   0.  -0.6  0.   0.
  0.   0.   0.   0.   0.   0.  -1.   0.  -0.8 -1.2 -0.6 -0.2  0.  -1.6
 -1.6 -0.2 -1.2  0.4 -1.  -1.6 -0.6  0.4 -1.2 -1.6  1. ]"
15,"{'llibres_usuari': ['9781416532828', '9780785119272', '9780446601856', '9780060518516', '9780321350312'], 'val_llibres': [0, 3, 0, 0, 2], 'llibres_recomanats': ['9780261103306', '9780380710829', '9781401203672'], 'puntuacio_llibres': [4, 2, 3, 4, 5]}",0,15,"['9780261103306', '9780380710829', '9781401203672']","['9781416532828', '9780785119272', '9780446601856', '9780060518516', '9780321350312']","[4, 2, 3, 4, 5]","[0, 3, 0, 0, 2]","[-1.  -0.8  0.  -0.2  0.   0.  -1.   0.   0.   0.   0.   0.  -1.   0.
  0.   0.   0.   0.   0.  -1.  -1.   0.   0.   0.   0.   0.   0.   0.
  0.   0.   0.   0.   0.2 -0.2  0.2 -1.  -2.2 -1.8 -1.2 -1.  -1.  -1.
 -1.8 -1.2 -1.2 -1.  -0.8 -1.  -1.  -1.  -1.   0.  -2. ]"
16,"{'llibres_usuari': ['9780743496162', '9780618471164', '9781580495790', '9780439863681', '9780439266017'], 'val_llibres': [3, 3, 1, 5, 0], 'llibres_recomanats': ['9781572704619', '9780131730366', '9780761956921'], 'puntuacio_llibres': [0, 1, 2, 5, 3]}",2,16,"['9781572704619', '9780131730366', '9780761956921']","['9780743496162', '9780618471164', '9781580495790', '9780439863681', '9780439266017']","[0, 1, 2, 5, 3]","[3, 3, 1, 5, 0]","[-0.4 -1.   1.   0.2  0.   0.   0.   0.   0.   0.   0.   0.  -1.   0.
  0.   0.  -0.6  0.   0.   0.   0.   0.2  0.   0.   0.   0.   0.   0.
  0.2  0.   0.   0.   1.   0.   0.  -1.4  1.2 -1.4  1.2 -0.4 -1.   1.2
  0.2 -0.4  0.8 -1.   0.   0.6  0.2 -1.   0.   0.4 -0.6]"
17,"{'llibres_usuari': ['9781573921336', '9780451203267', '9782246371922', '9780394862545', '9780151730858'], 'val_llibres': [3, 3, 1, 4, 0], 'llibres_recomanats': ['9780140261547', '9780380720446', '9780435909611'], 'puntuacio_llibres': [2, 5, 1, 0, 4]}",2,17,"['9780140261547', '9780380720446', '9780435909611']","['9781573921336', '9780451203267', '9782246371922', '9780394862545', '9780151730858']","[2, 5, 1, 0, 4]","[3, 3, 1, 4, 0]","[-1.   0.   0.  -0.4  0.   0.8  0.   0.   0.   0.6 -0.6  0.   0.   0.
  0.   0.   0.2  0.   0.   0.   0.2 -1.   0.   0.   0.   0.   0.   0.
  0.   0.   0.   0.   0.   0.   0.  -1.4  0.8 -0.4 -0.2  0.2  0.8 -1.6
  0.2 -0.8 -0.8 -0.6  0.8  0.2 -0.8  0.  -0.2 -0.6  0.2]"
18,"{'llibres_usuari': ['9780825429828', '9782290011157', '9780767912235', '9780618710539', '9780156508841'], 'val_llibres': [0, 2, 5, 3, 2], 'llibres_recomanats': ['9780517588376', '9788535905328', '9780253204783'], 'puntuacio_llibres': [0, 1, 2, 4, 1]}",1,18,"['9780517588376', '9788535905328', '9780253204783']","['9780825429828', '9782290011157', '9780767912235', '9780618710539', '9780156508841']","[0, 1, 2, 4, 1]","[0, 2, 5, 3, 2]","[-1.  -0.2  0.8  0.2  0.   0.   0.   0.   0.   0.   0.   0.   0.   0.
 -0.2  0.   0.   0.   0.   0.   0.   0.2  1.   0.   0.   0.   0.   0.
  0.   0.   0.   0.  -1.2  0.   0.2 -0.2 -0.2  0.  -0.2  1.  -0.2 -1.
 -0.2  0.   0.   1.  -1.2 -1.4  0.2  1.  -1.   1.  -0.2]"
19,"{'llibres_usuari': ['9780060929596', '9781593081386', '9781589630949', '9781555603137', '9780802829665'], 'val_llibres': [4, 4, 0, 1, 4], 'llibres_recomanats': ['9780802151100', '9780743285018', '9781405153584'], 'puntuacio_llibres': [2, 1, 0, 4, 4]}",2,19,"['9780802151100', '9780743285018', '9781405153584']","['9780060929596', '9781593081386', '9781589630949', '9781555603137', '9780802829665']","[2, 1, 0, 4, 4]","[4, 4, 0, 1, 4]","[ 0.6  0.   0.   0.6 -1.  -0.6  0.6  0.   0.   0.   0.   0.   0.   0.
  0.  -0.4  0.   0.   0.   0.   0.   0.   0.   0.6  0.  -0.6  0.   0.
  0.   0.   0.   0.   0.6  0.  -0.4 -0.6  1.2  0.6 -0.4  0.6  0.  -0.4
  0.2  0.   0.  -0.4  0.6  0.6  0.6 -1.   1.2 -1.6  0.6]"
20,"{'llibres_usuari': ['9781571740564', '9781857988093', '9784088731698', '9781415918098', '9781567313987'], 'val_llibres': [4, 0, 1, 1, 2], 'llibres_recomanats': ['9780415253895', '9780471741206', '9780679748274'], 'puntuacio_llibres': [2, 0, 3, 4, 2]}",0,20,"['9780415253895', '9780471741206', '9780679748274']","['9781571740564', '9781857988093', '9784088731698', '9781415918098', '9781567313987']","[2, 0, 3, 4, 2]","[4, 0, 1, 1, 2]","[ 0.  -0.6 -1.2 -0.6  0.   0.6  0.   0.  -1.   0.   0.   0.   0.   0.
  0.  -0.6  0.   0.   0.   0.   0.   0.   0.  -0.2  0.   0.   0.   0.
  0.   0.   0.   0.   0.   0.  -1.6 -0.2  0.  -1.2 -0.6 -1.  -0.6 -0.2
 -2.4  0.6 -0.6 -0.2 -1.  -0.8 -0.6 -0.4 -0.6  0.  -1.2]"
21,"{'llibres_usuari': ['9780786714681', '9780393323856', '9780872863804', '9780307376589', '9780140152128'], 'val_llibres': [1, 3, 5, 0, 4], 'llibres_recomanats': ['9781857880786', '9780060084530', '9780679420293'], 'puntuacio_llibres': [3, 2, 1, 1, 0]}",1,21,"['9781857880786', '9780060084530', '9780679420293']","['9780786714681', '9780393323856', '9780872863804', '9780307376589', '9780140152128']","[3, 2, 1, 1, 0]","[1, 3, 5, 0, 4]","[ 0.  -1.   0.   1.   0.2  0.   0.   0.   0.6  0.   0.   0.   0.   0.2
 -0.6  0.   0.   0.   0.   0.   0.   0.   0.   0.   0.   0.   0.   0.
  0.   0.   0.   0.   0.   0.   0.   0.4 -0.2  0.4 -0.2  0.  -0.8  1.
 -0.4  0.6  0.   1.8 -1.6  0.8  0.  -0.6 -0.2 -0.6  1. ]"
22,"{'llibres_usuari': ['9781886230354', '9780345480606', '9780307350367', '9781565124509', '9781567408348'], 'val_llibres': [5, 0, 3, 1, 1], 'llibres_recomanats': ['9780316066143', '9780671027636', '9780316011839'], 'puntuacio_llibres': [5, 4, 4, 1, 2]}",2,22,"['9780316066143', '9780671027636', '9780316011839']","['9781886230354', '9780345480606', '9780307350367', '9781565124509', '9781567408348']","[5, 4, 4, 1, 2]","[5, 0, 3, 1, 1]","[ 0.   0.   0.   0.  -0.6 -0.6  0.2  0.   0.   0.2 -1.  -0.6  0.   0.
  0.   0.   0.   0.   1.   0.   0.   0.   0.   0.   0.   0.  -0.6  0.
  0.   0.   0.   0.   0.   0.   0.  -2.   1.   0.  -1.   0.  -1.2  0.2
  0.  -1.  -0.4 -0.6  0.   0.4  0.2 -1.6 -1.6 -0.6  1.2]"
23,"{'llibres_usuari': ['9780439738613', '9780142437681', '9780753810743', '9780664241582', '9781842991244'], 'val_llibres': [5, 0, 0, 1, 1], 'llibres_recomanats': ['9780883657270', '9780805431575', '9780803292451'], 'puntuacio_llibres': [4, 2, 5, 0, 1]}",0,23,"['9780883657270', '9780805431575', '9780803292451']","['9780439738613', '9780142437681', '9780753810743', '9780664241582', '9781842991244']","[4, 2, 5, 0, 1]","[5, 0, 0, 1, 1]","[-0.6  0.  -1.   1.  -0.6  0.  -1.   0.   0.   0.   0.  -0.6  0.  -1.
  0.   0.   0.   0.   0.   0.   0.   0.   0.   0.   0.   0.   0.   0.
  0.   0.   0.   0.   0.4 -1.  -1.  -1.6  0.4 -1.2 -1.  -1.   0.  -1.2
 -1.  -1.2  1.   0.  -3.2 -0.2 -1.  -1.   1.  -3.2  0. ]"
24,"{'llibres_usuari': ['9781565846715', '9781593076672', '9780345441690', '9780064400817', '9783548254432'], 'val_llibres': [2, 2, 0, 3, 3], 'llibres_recomanats': ['9780486424583', '9780778322948', '9780060622138'], 'puntuacio_llibres': [3, 3, 5, 0, 2]}",0,24,"['9780486424583', '9780778322948', '9780060622138']","['9781565846715', '9781593076672', '9780345441690', '9780064400817', '9783548254432']","[3, 3, 5, 0, 2]","[2, 2, 0, 3, 3]","[ 0.2 -0.2 -1.   0.2 -0.2  0.   0.   0.   0.   0.   0.   0.  -1.   0.
  0.   0.   0.   0.   0.   0.   0.2 -0.2  0.   0.   0.   0.   0.   0.
  0.  -0.2  0.   0.2  0.   0.   0.2  0.  -1.2  0.  -1.  -1.   0.   0.
 -1.   0.  -0.2 -1.2  0.4  0.4  0.  -1.4 -0.2  0.  -0.8]"
25,"{'llibres_usuari': ['9780143035749', '9780886875534', '9780802151827', '9780030420566', '9780800871864'], 'val_llibres': [2, 3, 3, 4, 2], 'llibres_recomanats': ['9780500203477', '9780811216746', '9780312424916'], 'puntuacio_llibres': [4, 3, 0, 2, 3]}",1,25,"['9780500203477', '9780811216746', '9780312424916']","['9780143035749', '9780886875534', '9780802151827', '9780030420566', '9780800871864']","[4, 3, 0, 2, 3]","[2, 3, 3, 4, 2]","[ 0.4 -0.2  0.   0.   0.   0.2  0.2  0.   0.   0.   0.   0.   0.   0.
  0.   0.   0.   0.   0.   0.   0.   0.  -0.2  0.   0.   0.2  0.   0.
  0.   0.   0.   0.   0.   0.6  0.4 -0.4  0.6  0.4  0.2  0.4  0.4 -0.2
  0.   0.6  0.2  0.4  0.   0.6 -0.2  0.2 -0.2  0.6  0.2]"
26,"{'llibres_usuari': ['9780778322733', '9780060593193', '9780440391548', '9781578067596', '9780968303177'], 'val_llibres': [3, 5, 2, 0, 3], 'llibres_recomanats': ['9780385732567', '9780310214694', '9781414500089'], 'puntuacio_llibres': [4, 2, 4, 3, 5]}",1,26,"['9780385732567', '9780310214694', '9781414500089']","['9780778322733', '9780060593193', '9780440391548', '9781578067596', '9780968303177']","[4, 2, 4, 3, 5]","[3, 5, 2, 0, 3]","[ 0.   0.   0.   0.   0.   0.2  0.   0.   0.   0.   0.   0.   0.   0.
  0.   0.   0.  -1.   0.   0.   0.   0.  -0.2  0.   0.   0.   0.   0.
  0.   1.   0.   0.   0.2  0.2  1.2  0.  -1.   1.  -0.8 -0.6 -0.2  1.
  1.2 -1.   0.   1.  -0.8  1.   0.2 -1.   0.2  0.   0. ]"
27,"{'llibres_usuari': ['9788478713806', '9780807555385', '9780553452112', '9780006496878', '9781569471036'], 'val_llibres': [2, 2, 5, 4, 0], 'llibres_recomanats': ['9781400041985', '9780394800837', '9780972859899'], 'puntuacio_llibres': [1, 1, 5, 0, 0]}",1,27,"['9781400041985', '9780394800837', '9780972859899']","['9788478713806', '9780807555385', '9780553452112', '9780006496878', '9781569471036']","[1, 1, 5, 0, 0]","[2, 2, 5, 4, 0]","[ 0.   1.   0.  -0.2 -0.4 -0.2  0.   0.   0.   0.   0.   0.6  0.  -1.2
  0.   0.   0.   0.   0.   0.   0.   0.  -0.2  0.   0.   0.   0.   0.
  1.   0.   0.   0.   0.   0.   0.   0.2  0.  -0.2  0.4  0.2 -1.   1.
 -0.4  0.6  0.   0.8 -0.6  0.4  0.  -0.2  0.4  0.8 -1. ]"
28,"{'llibres_usuari': ['9780765308405', '9780143036555', '9780563525691', '9780393064988', '9781416912330'], 'val_llibres': [5, 3, 1, 5, 2], 'llibres_recomanats': ['9781591164845', '9788466630030', '9780152052607'], 'puntuacio_llibres': [2, 2, 0, 5, 3]}",1,28,"['9781591164845', '9788466630030', '9780152052607']","['9780765308405', '9780143036555', '9780563525691', '9780393064988', '9781416912330']","[2, 2, 0, 5, 3]","[5, 3, 1, 5, 2]","[ 0.   0.8  1.   0.   0.2 -0.6  0.   0.   0.   0.   0.   0.   0.   0.
  0.   0.   0.   0.   0.   1.   0.   0.2 -0.6  1.   0.   0.   0.   0.
  0.   0.   0.   0.  -0.2  0.  -0.6  2.2 -0.2  2.  -0.6 -0.8  1.   1.2
  1.   0.4  0.   1.4  0.   0.2  0.   1.2  0.   1.   0.4]"
29,"{'llibres_usuari': ['9780787976286', '9780743272490', '9781591821571', '9780743222983', '9780573605734'], 'val_llibres': [4, 0, 0, 4, 5], 'llibres_recomanats': ['9780385090025', '9780060834005', '9781932796780'], 'puntuacio_llibres': [2, 5, 2, 2, 4]}",1,29,"['9780385090025', '9780060834005', '9781932796780']","['9780787976286', '9780743272490', '9781591821571', '9780743222983', '9780573605734']","[2, 5, 2, 2, 4]","[4, 0, 0, 4, 5]","[-1.   0.  -1.   1.   0.   1.2  0.   0.   0.   0.  -1.   0.  -0.4  0.
  0.6  1.   0.   0.   0.   0.   0.   0.   0.   0.   0.   0.   0.   0.
  0.   0.   0.   0.   0.   0.  -0.4  0.   0.6  1.6 -1.4  0.   0.2  0.
  0.   0.2 -0.4  1.6 -1.   0.6  0.6 -1.   0.2 -1.   1. ]"
30,"{'llibres_usuari': ['9780671892678', '9780140447576', '9780563388692', '9780936184920', '9788466616928'], 'val_llibres': [0, 2, 0, 3, 2], 'llibres_recomanats': ['9780099283225', '9780751510614', '9780553270624'], 'puntuacio_llibres': [5, 5, 5, 2, 5]}",0,30,"['9780099283225', '9780751510614', '9780553270624']","['9780671892678', '9780140447576', '9780563388692', '9780936184920', '9788466616928']","[5, 5, 5, 2, 5]","[0, 2, 0, 3, 2]","[ 0.  -1.8  0.  -0.2 -0.2  0.   0.  -0.2  0.   0.   0.  -0.2 -1.   0.
  0.  -1.   0.   0.   0.   0.   0.   0.   0.   0.   0.   0.2  0.   0.
  0.   0.   0.   0.   0.   0.  -1.  -1.2  0.  -1.  -1.2  0.  -1.2 -1.
  0.2 -2.4 -0.4 -2.   0.2  0.  -2.  -0.2 -0.2 -1.8 -0.2]"
31,"{'llibres_usuari': ['9781598160154', '9789685957007', '9780060782139', '9780517101353', '9780007189953'], 'val_llibres': [5, 2, 4, 0, 3], 'llibres_recomanats': ['9781904633273', '9780451452610', '9780142437926'], 'puntuacio_llibres': [0, 1, 3, 3, 4]}",2,31,"['9781904633273', '9780451452610', '9780142437926']","['9781598160154', '9789685957007', '9780060782139', '9780517101353', '9780007189953']","[0, 1, 3, 3, 4]","[5, 2, 4, 0, 3]","[ 0.   0.   0.   0.   0.  -0.4  1.   0.   0.  -0.2  0.   0.   0.2  0.
 -0.4  0.   0.   0.   0.   1.   0.   0.   0.   0.   0.   0.   0.   0.
  0.   0.   0.   0.   0.   0.   0.  -0.2  0.8 -0.4  1.   0.6  0.8 -0.8
  1.  -0.4 -1.2  1.2  0.6 -1.   1.4  0.2  1.  -0.8  0.4]"
32,"{'llibres_usuari': ['9780440420637', '9780743272490', '9780312313647', '9780156007474', '9781419161308'], 'val_llibres': [3, 4, 3, 1, 5], 'llibres_recomanats': ['9780786809288', '9780736904896', '9780805080483'], 'puntuacio_llibres': [3, 0, 2, 5, 1]}",1,32,"['9780786809288', '9780736904896', '9780805080483']","['9780440420637', '9780743272490', '9780312313647', '9780156007474', '9781419161308']","[3, 0, 2, 5, 1]","[3, 4, 3, 1, 5]","[ 1.2  0.   0.   0.   0.   0.   0.2  1.   0.   0.   0.6  0.  -0.6  0.
  0.2  0.   0.   0.   0.   0.   0.2  0.   0.   0.   0.   0.   0.   0.
  0.   0.   0.   0.   0.   0.   0.4  1.   0.   1.2  0.2 -0.4  1.2  0.6
  0.2  1.2  0.   1.4  0.   0.   1.8 -0.4  0.2  0.   1.2]"
33,"{'llibres_usuari': ['9780375714412', '9780753821862', '9780060934545', '9780936184722', '9780312420925'], 'val_llibres': [0, 3, 1, 1, 3], 'llibres_recomanats': ['9781589880290', '9780345442123', '9781852864989'], 'puntuacio_llibres': [2, 4, 4, 1, 2]}",0,33,"['9781589880290', '9780345442123', '9781852864989']","['9780375714412', '9780753821862', '9780060934545', '9780936184722', '9780312420925']","[2, 4, 4, 1, 2]","[0, 3, 1, 1, 3]","[-0.6  0.   0.2 -1.  -0.4  0.   0.   0.   0.   0.   0.   0.   0.   0.
  0.   0.   0.   0.   0.   0.   0.   0.2  0.   0.2  0.   0.  -0.6 -0.6
  0.   0.   0.   0.  -1.   0.  -1.  -0.2 -0.6 -1.2 -0.6  0.2 -1.6 -0.4
 -0.4 -1.4 -0.4 -0.8 -0.6 -0.6 -1.4  0.2 -0.6 -1.4  0.2]"
34,"{'llibres_usuari': ['9780448431451', '9782290327500', '9781589943070', '9780393311334', '9780415908085'], 'val_llibres': [5, 1, 1, 2, 2], 'llibres_recomanats': ['9780439863681', '9780618735167', '9780912050263'], 'puntuacio_llibres': [5, 5, 1, 1, 3]}",2,34,"['9780439863681', '9780618735167', '9780912050263']","['9780448431451', '9782290327500', '9781589943070', '9780393311334', '9780415908085']","[5, 5, 1, 1, 3]","[5, 1, 1, 2, 2]","[ 0.   0.   0.   0.8 -0.8  0.  -0.6  0.  -0.6  0.   0.   1.   0.  -0.2
 -0.6  0.   0.   0.   0.  -0.2  0.   0.   0.   0.   0.   0.   0.   0.
  0.   0.   0.   0.   0.   0.   0.  -1.6  1.   0.  -0.6  0.   0.2 -0.8
  0.8 -1.4 -0.6  0.8 -0.8 -0.8  0.   0.2 -1.2 -0.2  0.8]"
35,"{'llibres_usuari': ['9780553804805', '9780142501528', '9781423323235', '9780786851522', '9781416530817'], 'val_llibres': [3, 3, 4, 0, 4], 'llibres_recomanats': ['9780312339920', '9782253060703', '9780425213438'], 'puntuacio_llibres': [2, 1, 3, 2, 5]}",1,35,"['9780312339920', '9782253060703', '9780425213438']","['9780553804805', '9780142501528', '9781423323235', '9780786851522', '9781416530817']","[2, 1, 3, 2, 5]","[3, 3, 4, 0, 4]","[ 0.   0.  -1.   0.   1.4  0.   0.2  0.   0.   0.2  0.   0.   0.   0.
  0.   0.   0.6 -1.   0.   0.   0.6  0.   0.   0.   0.   0.2  0.   0.
  0.   0.   0.   0.   0.   0.   0.6 -0.2  0.2  0.4  0.2  0.4 -0.4  0.6
  0.4  0.2  0.6  0.8 -0.8  1.4  0.  -0.8 -0.8  0.8  0.6]"
36,"{'llibres_usuari': ['9780553122756', '9780142002261', '9780606298230', '9780060833183', '9780743487566'], 'val_llibres': [2, 0, 1, 4, 0], 'llibres_recomanats': ['9780553586619', '9780099456452', '9780142001615'], 'puntuacio_llibres': [4, 1, 5, 3, 4]}",0,36,"['9780553586619', '9780099456452', '9780142001615']","['9780553122756', '9780142002261', '9780606298230', '9780060833183', '9780743487566']","[4, 1, 5, 3, 4]","[2, 0, 1, 4, 0]","[-1.   0.  -0.6  0.   0.  -0.4 -0.2 -1.   0.   0.   0.   0.   0.   0.6
  0.   0.   0.   0.   0.   0.   0.   0.  -0.6  0.   0.  -0.2  0.   0.
  0.  -1.   0.   0.   0.   0.  -1.2 -0.4 -0.6 -0.2 -2.  -2.  -0.6  0.4
 -0.2 -2.  -1.2  0.  -1.  -1.  -0.2 -1.   0.6 -2.2 -0.6]"
37,"{'llibres_usuari': ['9780679642428', '9780062516374', '9780143039099', '9780892817580', '9780450524684'], 'val_llibres': [1, 4, 4, 2, 2], 'llibres_recomanats': ['9780743412636', '9780226805276', '9788489367159'], 'puntuacio_llibres': [0, 2, 5, 3, 0]}",1,37,"['9780743412636', '9780226805276', '9788489367159']","['9780679642428', '9780062516374', '9780143039099', '9780892817580', '9780450524684']","[0, 2, 5, 3, 0]","[1, 4, 4, 2, 2]","[ 0.  -0.2  0.6  0.   0.   0.  -0.2  0.   0.   0.   0.   0.   0.   0.
  0.  -0.2  0.   0.   0.   0.   0.   0.   0.   0.   0.   0.   0.   0.6
  0.   0.   0.   0.  -0.2  0.   0.4  0.6 -0.8  0.4 -0.2 -0.2  0.   0.4
 -1.   1.2  1.2 -0.6 -0.4 -0.2 -0.2  0.6 -0.2  0.4  0. ]"
38,"{'llibres_usuari': ['9788432217203', '9781559210348', '9781900826242', '9780140564303', '9780691024714'], 'val_llibres': [5, 5, 0, 1, 4], 'llibres_recomanats': ['9780738543390', '9780075536390', '9780805080520'], 'puntuacio_llibres': [1, 3, 1, 3, 1]}",1,38,"['9780738543390', '9780075536390', '9780805080520']","['9788432217203', '9781559210348', '9781900826242', '9780140564303', '9780691024714']","[1, 3, 1, 3, 1]","[5, 5, 0, 1, 4]","[ 0.  -0.6  0.   1.6  0.   0.   0.   0.   0.   0.   0.   0.   1.   0.
  0.   0.   0.   0.   0.   0.   0.   0.   0.   1.   0.   0.   0.   0.
 -1.   0.   0.   0.   0.   0.   1.   1.  -1.   0.6  0.4  2.  -1.6  0.6
  1.6 -0.6  2.   0.  -1.   0.4  1.6 -1.  -1.   1.   1. ]"
39,"{'llibres_usuari': ['9780312263232', '9780439236195', '9780970312556', '9782290061244', '9780802151100'], 'val_llibres': [4, 3, 5, 0, 1], 'llibres_recomanats': ['9780393327656', '9780439896757', '9780691008530'], 'puntuacio_llibres': [1, 2, 1, 1, 2]}",1,39,"['9780393327656', '9780439896757', '9780691008530']","['9780312263232', '9780439236195', '9780970312556', '9782290061244', '9780802151100']","[1, 2, 1, 1, 2]","[4, 3, 5, 0, 1]","[-0.6  0.   0.   0.   0.8  1.  -1.   0.   0.6  0.   0.   0.  -0.8  0.
  1.   0.  -0.6  0.   0.   0.   0.   0.   0.   0.   0.   0.   0.   0.
  0.   0.   0.   0.   0.   0.   0.   0.8 -0.6  0.6 -0.4 -1.4  0.   1.6
  0.   0.2  1.6 -0.8 -0.6 -0.6  0.6  0.2 -0.2  1.  -0.6]"
40,"{'llibres_usuari': ['9780064404778', '9780975306628', '9782070401017', '9780486452357', '9780785264699'], 'val_llibres': [0, 4, 2, 0, 0], 'llibres_recomanats': ['9781401204860', '9780312976279', '9780446617451'], 'puntuacio_llibres': [4, 1, 5, 4, 4]}",0,40,"['9781401204860', '9780312976279', '9780446617451']","['9780064404778', '9780975306628', '9782070401017', '9780486452357', '9780785264699']","[4, 1, 5, 4, 4]","[0, 4, 2, 0, 0]","[ 0.   0.6 -1.  -1.  -1.2  0.   0.  -0.2  0.   0.   0.   0.  -1.   0.
  0.   0.   0.   0.   0.   0.  -1.   0.   0.   0.   0.   0.   0.6  0.
  0.  -1.   0.   0.   0.   0.  -0.2 -2.4  0.   0.4 -3.  -0.4 -2.2  0.
 -1.6 -1.  -0.2 -2.4  0.  -0.6 -1.  -1.  -0.4 -2.  -0.2]"
41,"{'llibres_usuari': ['9780142501092', '9780486201122', '9780140296617', '9780736411035', '9780758215048'], 'val_llibres': [2, 0, 4, 5, 0], 'llibres_recomanats': ['9780140345803', '9780226307756', '9780141185873'], 'puntuacio_llibres': [0, 2, 1, 1, 5]}",2,41,"['9780140345803', '9780226307756', '9780141185873']","['9780142501092', '9780486201122', '9780140296617', '9780736411035', '9780758215048']","[0, 2, 1, 1, 5]","[2, 0, 4, 5, 0]","[-0.4  0.   0.   0.  -0.2  0.   0.   0.   0.   0.   1.   0.  -1.2  0.
  0.   0.   0.   0.   0.   0.   0.   0.   0.6 -1.   0.   0.   0.   0.
  0.   0.   0.   0.   0.   0.   0.4 -2.   1.  -0.4 -0.2  0.6 -0.2 -1.
 -0.6  0.   0.4 -2.   1.  -1.2  0.6  0.   0.8 -1.  -0.4]"
42,"{'llibres_usuari': ['9780727840011', '9780393325539', '9780439551922', '9780449236413', '9780061094224'], 'val_llibres': [1, 1, 1, 1, 1], 'llibres_recomanats': ['9780763622701', '9780307209610', '9781401200138'], 'puntuacio_llibres': [1, 3, 1, 3, 0]}",0,42,"['9780763622701', '9780307209610', '9781401200138']","['9780727840011', '9780393325539', '9780439551922', '9780449236413', '9780061094224']","[1, 3, 1, 3, 0]","[1, 1, 1, 1, 1]","[-1.2  0.   0.  -1.2  0.  -0.6  0.   0.   0.   0.   0.   0.   0.   0.
 -0.6  0.  -0.6  0.   0.   0.  -0.6  0.   0.   0.   0.   0.   0.   0.
 -0.6  0.   0.   0.  -0.6  0.  -1.2 -1.2 -0.6 -0.6 -2.4 -1.8 -0.6 -0.6
 -1.2 -1.8  0.  -1.8 -1.2 -1.8 -0.6 -0.6 -0.6 -1.2 -1.2]"
43,"{'llibres_usuari': ['9780374146351', '9780440415800', '9780380816033', '9780394800837', '9780060930318'], 'val_llibres': [5, 0, 5, 1, 2], 'llibres_recomanats': ['9780756403416', '9781417735983', '9780805073874'], 'puntuacio_llibres': [3, 0, 0, 5, 5]}",1,43,"['9780756403416', '9781417735983', '9780805073874']","['9780374146351', '9780440415800', '9780380816033', '9780394800837', '9780060930318']","[3, 0, 0, 5, 5]","[5, 0, 5, 1, 2]","[-1.   1.  -0.6  0.   0.   0.8  0.   0.   0.   0.   0.   0.   1.   0.
  0.   1.   0.   0.   0.   0.   0.  -0.6  0.   0.   0.   0.  -1.2  0.
  0.   0.   0.   0.   0.   0.   1.  -0.6 -0.2  0.8 -0.6  1.  -1.6  0.8
  0.2  0.  -0.2  1.4 -1.   1.  -0.2 -0.6 -0.8  0.   1. ]"
44,"{'llibres_usuari': ['9780449911945', '9780060790592', '9780786647972', '9780345285546', '9780140443073'], 'val_llibres': [0, 1, 0, 5, 2], 'llibres_recomanats': ['9780967575605', '9780385494328', '9780886779061'], 'puntuacio_llibres': [5, 5, 4, 4, 4]}",0,44,"['9780967575605', '9780385494328', '9780886779061']","['9780449911945', '9780060790592', '9780786647972', '9780345285546', '9780140443073']","[5, 5, 4, 4, 4]","[0, 1, 0, 5, 2]","[ 1.   0.  -0.6 -0.2 -1.   0.  -1.   0.   0.   0.   0.   0.8 -0.6  0.
  0.   0.   0.   0.   0.   0.   0.  -1.   0.   0.   0.  -1.   0.   0.
  0.   0.   0.   0.   0.   0.   0.  -0.8 -1.   0.4 -2.2 -1.  -0.6 -0.2
 -0.6 -1.2  0.4 -2.2  0.  -0.6 -0.2 -1.  -1.6 -0.2  0. ]"
45,"{'llibres_usuari': ['9780553483321', '9781559210867', '9781857150186', '9781857233940', '9780375759147'], 'val_llibres': [0, 2, 1, 2, 1], 'llibres_recomanats': ['9780060930219', '9781600961502', '9780465024964'], 'puntuacio_llibres': [5, 5, 2, 0, 1]}",0,45,"['9780060930219', '9781600961502', '9780465024964']","['9780553483321', '9781559210867', '9781857150186', '9781857233940', '9780375759147']","[5, 5, 2, 0, 1]","[0, 2, 1, 2, 1]","[ 0.   0.  -0.6 -1.2 -0.8  0.   0.   0.   0.   0.   0.   0.  -0.6  0.
  0.  -1.   0.   0.   0.   0.   0.  -0.4  0.   0.   0.   0.   0.   0.
  0.   0.   0.  -0.6  0.   0.  -2.2 -0.4  0.   0.  -2.6 -1.2 -0.6 -0.8
 -1.6 -1.  -2.2  0.  -0.4 -2.4 -0.2  0.  -0.8 -0.8 -1. ]"
46,"{'llibres_usuari': ['9781853260216', '9780842382892', '9781400085910', '9780571204151', '9780141439631'], 'val_llibres': [5, 5, 0, 4, 1], 'llibres_recomanats': ['9782246442615', '9780967469782', '9784770016058'], 'puntuacio_llibres': [0, 5, 0, 1, 1]}",2,46,"['9782246442615', '9780967469782', '9784770016058']","['9781853260216', '9780842382892', '9781400085910', '9780571204151', '9780141439631']","[0, 5, 0, 1, 1]","[5, 5, 0, 4, 1]","[ 0.   0.   1.  -0.4  0.   0.   0.4  0.   0.   0.   0.   0.   0.   0.
 -0.4  0.   0.   0.   0.   0.   0.   0.   0.   0.   1.  -0.6  0.   0.
  0.   1.   0.   0.   0.   0.   0.   1.   0.   0.4  0.6  2.6  0.  -1.6
  2.  -1.   0.4  0.6  0.   1.   1.  -1.   1.6 -1.6  1. ]"
47,"{'llibres_usuari': ['9780765312921', '9780060732295', '9780521617352', '9781741042955', '9780192834423'], 'val_llibres': [4, 2, 3, 3, 1], 'llibres_recomanats': ['9781417911837', '9783865211392', '9780451529251'], 'puntuacio_llibres': [2, 3, 1, 2, 3]}",1,47,"['9781417911837', '9783865211392', '9780451529251']","['9780765312921', '9780060732295', '9780521617352', '9781741042955', '9780192834423']","[2, 3, 1, 2, 3]","[4, 2, 3, 3, 1]","[ 0.6  0.   0.   0.  -0.6 -0.2  0.4  0.2  0.   0.  -0.2  0.2  0.   0.
  0.6  0.   0.   0.   0.   0.   0.   0.   0.   0.   0.   0.   0.   0.
  0.   0.   0.   0.   0.  -0.6 -0.4  0.6  0.   0.8 -0.6  0.4  0.2 -0.4
 -0.6  0.8  0.   0.   0.2 -0.2  0.2  0.2  0.4 -0.6  0.4]"
48,"{'llibres_usuari': ['9780142405741', '9780911903966', '9781843540786', '9781593083243', '9780767908207'], 'val_llibres': [0, 4, 2, 0, 4], 'llibres_recomanats': ['9780694524983', '9780743296168', '9780345449030'], 'puntuacio_llibres': [1, 4, 2, 4, 2]}",2,48,"['9780694524983', '9780743296168', '9780345449030']","['9780142405741', '9780911903966', '9781843540786', '9781593083243', '9780767908207']","[1, 4, 2, 4, 2]","[0, 4, 2, 0, 4]","[ 0.  -0.2  0.6  0.   0.  -1.  -0.4  0.6  0.   0.   0.   0.  -1.   0.
 -1.   0.   0.   0.   0.   0.   0.   0.   0.   0.6  0.   0.   0.   0.
  0.  -0.2  0.   0.   0.   0.   0.4 -0.4 -1.   0.  -1.  -0.4  0.  -0.6
  0.2 -1.2 -1.2 -1.   1.2 -1.   1.  -1.  -0.2  1.2 -2. ]"
49,"{'llibres_usuari': ['9780393324358', '9781400078479', '9780553477481', '9780618446704', '9780807050118'], 'val_llibres': [5, 4, 2, 4, 2], 'llibres_recomanats': ['9781400096718', '9780679723691', '9781585675753'], 'puntuacio_llibres': [0, 4, 2, 4, 0]}",3,49,"['9781400096718', '9780679723691', '9781585675753']","['9780393324358', '9781400078479', '9780553477481', '9780618446704', '9780807050118']","[0, 4, 2, 4, 0]","[5, 4, 2, 4, 2]","[-0.2  0.   0.  -0.2  1.   0.6  0.6  0.   0.   0.   0.   0.6  0.6  0.
 -0.2  0.   0.   0.   0.   0.   0.   0.   0.   0.   0.   0.   0.   0.
 -0.2  0.   0.   0.   1.   0.   0.8  0.   1.   0.4  1.4  0.6  0.8  0.4
  2.  -0.2  0.8  0.   1.  -0.4  2.2  0.  -0.2  1.   1. ]"
50,"{'llibres_usuari': ['9780099771814', '9781841493114', '9780345458568', '9780684826806', '9780553560275'], 'val_llibres': [2, 0, 0, 3, 3], 'llibres_recomanats': ['9780515134476', '9781594481932', '9780141185163'], 'puntuacio_llibres': [3, 5, 3, 1, 3]}",0,50,"['9780515134476', '9781594481932', '9780141185163']","['9780099771814', '9781841493114', '9780345458568', '9780684826806', '9780553560275']","[3, 5, 3, 1, 3]","[2, 0, 0, 3, 3]","[-1.   0.   0.   0.   0.   0.  -0.8  0.   0.   0.   0.2  0.   0.   0.
  0.  -1.   0.   0.   0.  -0.2  0.   0.  -1.   0.2  0.   0.   0.   0.
  0.   0.   0.   0.   0.   0.   0.  -1.  -0.8 -1.8  0.   0.  -0.8 -1.
  0.4 -2.2 -0.8  0.  -1.   0.2 -0.8 -1.2 -0.2 -1.8  0.2]"
51,"{'llibres_usuari': ['9781590171455', '9780822001102', '9780977795306', '9780062515674', '9780887847448'], 'val_llibres': [4, 2, 0, 0, 0], 'llibres_recomanats': ['9780679783619', '9788408068914', '9780740720123'], 'puntuacio_llibres': [2, 4, 0, 2, 2]}",0,51,"['9780679783619', '9788408068914', '9780740720123']","['9781590171455', '9780822001102', '9780977795306', '9780062515674', '9780887847448']","[2, 4, 0, 2, 2]","[4, 2, 0, 0, 0]","[ 0.  -0.4  0.  -0.2 -2.   0.   0.   0.   0.   0.   0.  -2.   0.  -1.
  0.   0.   0.   0.   0.   0.   0.   0.   0.   0.   0.   0.   0.   0.
  0.   0.   0.6 -0.2  0.   0.  -1.  -1.6  0.  -0.6 -2.  -1.  -2.2  0.6
 -0.6 -2.   0.6 -1.2 -2.  -1.2 -1.  -0.4 -1.  -1.  -0.6]"
52,"{'llibres_usuari': ['9780061054686', '9780060192778', '9780553803716', '9780375822070', '9780099282198'], 'val_llibres': [5, 0, 0, 3, 0], 'llibres_recomanats': ['9780802142641', '9780394757681', '9780701137687'], 'puntuacio_llibres': [1, 0, 4, 4, 3]}",0,52,"['9780802142641', '9780394757681', '9780701137687']","['9780061054686', '9780060192778', '9780553803716', '9780375822070', '9780099282198']","[1, 0, 4, 4, 3]","[5, 0, 0, 3, 0]","[ 0.   0.  -2.   0.   1.2  0.  -1.   0.2 -1.   0.   0.   0.   0.  -1.
  0.   0.   0.   0.   1.   0.   0.   0.   0.   0.   0.  -1.   0.   0.
  0.   0.   0.   0.   0.   0.  -3.   0.   1.2  1.  -2.8  1.  -0.8 -2.
 -1.8  0.   1.2 -1.  -2.   0.  -1.  -0.8 -0.8  0.  -1. ]"
53,"{'llibres_usuari': ['9780553381009', '9780743454148', '9781421504605', '9780865344921', '9780767908207'], 'val_llibres': [0, 4, 1, 4, 3], 'llibres_recomanats': ['9780140364491', '9780449908976', '9781400032952'], 'puntuacio_llibres': [5, 0, 5, 5, 5]}",1,53,"['9780140364491', '9780449908976', '9781400032952']","['9780553381009', '9780743454148', '9781421504605', '9780865344921', '9780767908207']","[5, 0, 5, 5, 5]","[0, 4, 1, 4, 3]","[-0.4  0.   0.   0.   0.   0.   0.2  0.2  0.   0.6  0.  -1.   0.   0.6
  0.   0.   0.   0.   0.   0.   0.   0.   0.   0.   0.   0.   0.   0.
  0.   0.   0.  -0.6  0.   0.  -0.8  0.6  0.   0.6 -0.8  0.2 -0.6  0.2
 -0.4  0.2  0.6 -0.6 -0.2 -0.4  0.2  0.   0.   1.4 -1.6]"
54,"{'llibres_usuari': ['9780345457745', '9780671722876', '9780446612623', '9780375756603', '9780385496056'], 'val_llibres': [4, 4, 1, 4, 1], 'llibres_recomanats': ['9780060989156', '9780618574940', '9780689860065'], 'puntuacio_llibres': [1, 4, 4, 0, 1]}",2,54,"['9780060989156', '9780618574940', '9780689860065']","['9780345457745', '9780671722876', '9780446612623', '9780375756603', '9780385496056']","[1, 4, 4, 0, 1]","[4, 4, 1, 4, 1]","[-0.6  0.6  0.   0.6  0.6  0.  -0.6  0.   0.   0.   0.   0.   0.   0.
  0.   0.6  0.   0.   0.   0.   0.6  0.  -0.6  0.   0.   0.   0.   0.
  0.   0.   0.   0.   0.   0.   0.6  0.   0.  -0.6  1.2  0.6  0.6 -0.6
  0.6  0.  -1.2  0.6  1.2  0.   0.   0.6  0.6 -0.6  0.6]"
55,"{'llibres_usuari': ['9780964561106', '9781573225144', '9780205313426', '9780439286060', '9780553576054'], 'val_llibres': [0, 2, 3, 2, 5], 'llibres_recomanats': ['9780764586552', '9780679641049', '9781411401044'], 'puntuacio_llibres': [2, 0, 5, 1, 0]}",1,55,"['9780764586552', '9780679641049', '9781411401044']","['9780964561106', '9781573225144', '9780205313426', '9780439286060', '9780553576054']","[2, 0, 5, 1, 0]","[0, 2, 3, 2, 5]","[ 0.2  0.   0.  -1.  -0.2  0.8  0.   0.   0.   0.   0.   0.   0.   0.
  0.   0.2  0.   0.   0.  -0.2  0.  -1.   0.   0.   1.   0.   0.   0.
  0.   0.   0.   0.  -0.2  0.  -0.2  0.2 -0.2  0.  -0.2  0.2 -1.4  1.
 -0.2  0.  -1.2  0.8  0.2 -0.2  1.  -1.  -0.2  1.2 -1.2]"
56,"{'llibres_usuari': ['9780394757643', '9780156000598', '9781402713187', '9780385333900', '9781400130214'], 'val_llibres': [1, 5, 0, 1, 4], 'llibres_recomanats': ['9781405034142', '9780446579780', '9780425204221'], 'puntuacio_llibres': [3, 5, 0, 2, 5]}",2,56,"['9781405034142', '9780446579780', '9780425204221']","['9780394757643', '9780156000598', '9781402713187', '9780385333900', '9781400130214']","[3, 5, 0, 2, 5]","[1, 5, 0, 1, 4]","[-1.2  1.   0.6  0.  -1.   0.   0.   0.   0.   0.   0.   0.   0.   0.
  0.   1.   0.   0.   0.6 -0.6  0.  -0.6  0.   0.   0.   0.   0.   0.
  0.   0.  -1.   0.   0.   0.  -1.   0.   0.4  0.  -0.6  1.  -1.  -0.6
  0.4 -1.  -1.6  1.   0.   0.  -1.   0.4 -0.6  0.4 -0.4]"
57,"{'llibres_usuari': ['9780195098310', '9780964366565', '9780679413356', '9780198321477', '9780970312532'], 'val_llibres': [0, 5, 5, 5, 4], 'llibres_recomanats': ['9780811204835', '9781593979263', '9780872203495'], 'puntuacio_llibres': [4, 5, 2, 0, 0]}",3,57,"['9780811204835', '9781593979263', '9780872203495']","['9780195098310', '9780964366565', '9780679413356', '9780198321477', '9780970312532']","[4, 5, 2, 0, 0]","[0, 5, 5, 5, 4]","[ 0.   1.   0.   0.   0.   0.6  1.   0.   0.   0.   0.  -1.   0.   1.
  0.   0.   0.   0.   0.   0.   0.   1.   0.   0.   0.   0.   0.   0.
  0.   0.   1.   0.   0.6  0.   0.6  1.   1.   1.6  1.   0.   1.6  1.
  1.   1.6  1.   1.6  0.   0.  -0.4  3.   0.6  0.   2. ]"
58,"{'llibres_usuari': ['9780192893222', '9781419120022', '9780312342517', '9782246371922', '9781564782991'], 'val_llibres': [5, 4, 3, 5, 5], 'llibres_recomanats': ['9780743520058', '9780735611313', '9780345369079'], 'puntuacio_llibres': [4, 2, 2, 1, 2]}",3,58,"['9780743520058', '9780735611313', '9780345369079']","['9780192893222', '9781419120022', '9780312342517', '9782246371922', '9781564782991']","[4, 2, 2, 1, 2]","[5, 4, 3, 5, 5]","[0.  0.2 0.  2.  0.6 1.  0.  0.  1.  0.  1.  0.  0.2 1.  0.  0.  0.  0.
 0.  0.  0.  0.  0.  0.6 0.  0.  0.  0.  0.  0.  0.  0.  0.  0.  1.6 1.
 1.2 2.6 1.2 1.8 0.  2.  2.  1.8 0.6 2.  1.2 2.  1.2 0.6 0.  2.8 1. ]"
59,"{'llibres_usuari': ['9780140137347', '9781551660950', '9780812971064', '9780449215487', '9780439682589'], 'val_llibres': [0, 2, 2, 0, 1], 'llibres_recomanats': ['9781419341045', '9780142001301', '9780765353702'], 'puntuacio_llibres': [4, 0, 1, 2, 1]}",0,59,"['9781419341045', '9780142001301', '9780765353702']","['9780140137347', '9781551660950', '9780812971064', '9780449215487', '9780439682589']","[4, 0, 1, 2, 1]","[0, 2, 2, 0, 1]","[ 0.  -1.6 -0.2  0.  -1.2  0.   0.   0.   0.   0.   0.   0.   0.   0.
  0.  -1.   0.   0.   0.   0.  -1.   0.   0.   0.   0.   0.  -0.2 -0.6
  0.   0.   0.  -0.2  0.   0.   0.  -1.8 -1.2 -3.   0.  -1.  -1.2 -0.8
 -1.6 -1.4 -2.2 -0.8  0.  -1.8 -1.2  0.   0.  -2.6 -0.4]"
60,"{'llibres_usuari': ['9780373194865', '9780393324297', '9780465021475', '9780764226465', '9780140105834'], 'val_llibres': [3, 1, 5, 3, 5], 'llibres_recomanats': ['9781585360727', '9780140290110', '9780375713934'], 'puntuacio_llibres': [3, 3, 1, 1, 5]}",3,60,"['9781585360727', '9780140290110', '9780375713934']","['9780373194865', '9780393324297', '9780465021475', '9780764226465', '9780140105834']","[3, 3, 1, 1, 5]","[3, 1, 5, 3, 5]","[ 1.2  0.   0.  -0.6  0.   0.2  1.   0.   0.2  0.   0.   0.   0.   0.
  0.   0.   0.   0.   0.   0.2  0.   0.   0.   0.   0.   0.   0.4  0.
  0.   0.   0.   0.   0.   1.  -0.6  0.   2.4 -0.4  2.2  0.   1.2  0.6
  2.2 -0.4  1.   0.6  0.2 -0.4  1.2  1.  -0.6  2.2  0.2]"
61,"{'llibres_usuari': ['9780764543401', '9780747534938', '9783462031959', '9780440421702', '9780099450252'], 'val_llibres': [2, 5, 2, 5, 5], 'llibres_recomanats': ['9781400098026', '9780440229124', '9780312421991'], 'puntuacio_llibres': [3, 0, 5, 3, 3]}",3,61,"['9781400098026', '9780440229124', '9780312421991']","['9780764543401', '9780747534938', '9783462031959', '9780440421702', '9780099450252']","[3, 0, 5, 3, 3]","[2, 5, 2, 5, 5]","[-0.2  1.  -0.2  1.   0.   0.   1.   0.   0.   0.   0.   0.   0.   0.8
  0.   0.   0.   0.   0.   0.   0.   0.   0.   0.   0.   0.   0.   0.8
  0.   1.   0.   0.   0.   0.   0.   0.8  1.8  1.   1.6  0.8  0.8  1.
 -0.2  2.8  0.   1.8  0.8  1.   0.8  0.8  0.8  2.  -0.2]"
62,"{'llibres_usuari': ['9780811824545', '9780140274981', '9780439672320', '9780156028790', '9780140299939'], 'val_llibres': [5, 2, 2, 4, 4], 'llibres_recomanats': ['9780515130997', '9780330412445', '9781855496958'], 'puntuacio_llibres': [5, 1, 4, 5, 4]}",3,62,"['9780515130997', '9780330412445', '9781855496958']","['9780811824545', '9780140274981', '9780439672320', '9780156028790', '9780140299939']","[5, 1, 4, 5, 4]","[5, 2, 2, 4, 4]","[ 0.   0.   0.4  0.8  0.   0.   0.6  0.   0.   0.   0.   1.6  0.  -0.2
  0.   0.   0.   0.  -0.2  0.   0.   0.   0.   0.   0.   0.   0.6  0.
  0.   0.   0.   0.   0.   0.   0.4  1.   0.4  1.2  0.6  0.4  0.   1.4
  2.2 -0.4  0.6  0.6  0.6  0.6  0.8  0.4  1.6  0.2  0. ]"
63,"{'llibres_usuari': ['9780060845247', '9780745628974', '9780385313612', '9780029131695', '9780813025933'], 'val_llibres': [2, 4, 4, 0, 5], 'llibres_recomanats': ['9781569312063', '9780826415745', '9780393324358'], 'puntuacio_llibres': [4, 4, 2, 4, 5]}",1,63,"['9781569312063', '9780826415745', '9780393324358']","['9780060845247', '9780745628974', '9780385313612', '9780029131695', '9780813025933']","[4, 4, 2, 4, 5]","[2, 4, 4, 0, 5]","[ 0.   1.   0.6  0.   0.   0.  -0.6 -1.   0.   0.   0.   0.   0.   0.
  0.   0.   0.6  0.   1.  -0.2  0.   0.   0.   0.   0.6  0.   0.   0.
  0.   0.   0.   0.   0.   0.   0.4  0.6  0.   1.6 -0.6 -0.2  0.6  0.6
  1.6 -0.6  0.   0.2  0.8  0.6  0.   0.4  0.8  1.2 -1. ]"
64,"{'llibres_usuari': ['9780373118182', '9780679424789', '9780061125645', '9788437604824', '9780375415029'], 'val_llibres': [2, 5, 2, 2, 3], 'llibres_recomanats': ['9780812966299', '9780809037728', '9780345410054'], 'puntuacio_llibres': [3, 3, 0, 5, 4]}",2,64,"['9780812966299', '9780809037728', '9780345410054']","['9780373118182', '9780679424789', '9780061125645', '9788437604824', '9780375415029']","[3, 3, 0, 5, 4]","[2, 5, 2, 2, 3]","[-0.2  0.2  0.8  0.  -0.2  0.   0.   0.2  0.   0.   0.   0.   0.   0.
  0.   0.   0.   0.   0.   0.   0.   0.   1.  -0.2  0.   0.  -0.2  0.
  0.   0.   0.   0.  -0.2  0.   0.8 -0.2  0.   0.   0.6  0.   0.   0.6
  1.2 -0.6  0.  -0.2  0.8  0.8 -0.2  0.   0.8  0.  -0.2]"
65,"{'llibres_usuari': ['9780809015566', '9780465091249', '9780385499224', '9780375760815', '9780439635776'], 'val_llibres': [2, 5, 1, 3, 4], 'llibres_recomanats': ['9781566915908', '9780553290851', '9788496284531'], 'puntuacio_llibres': [3, 0, 4, 2, 5]}",1,65,"['9781566915908', '9780553290851', '9788496284531']","['9780809015566', '9780465091249', '9780385499224', '9780375760815', '9780439635776']","[3, 0, 4, 2, 5]","[2, 5, 1, 3, 4]","[-0.2  0.   0.2  0.6  1.   0.  -0.6  0.   0.   0.6  0.   0.  -0.6  1.
  0.   0.   0.   0.2  0.   0.   0.   0.   0.   0.   0.   0.   0.   0.
 -0.2  0.   0.   0.   0.   0.   1.  -0.6  0.6  1.   0.  -0.2  0.2  1.
  0.2  0.8 -0.2  1.   0.2 -0.2  0.8  0.4  0.   0.8  0.2]"
66,"{'llibres_usuari': ['9788489746152', '9781878825049', '9780099478423', '9781400031047', '9780812575583'], 'val_llibres': [0, 1, 2, 5, 1], 'llibres_recomanats': ['9780470045299', '9781590592168', '9780375837890'], 'puntuacio_llibres': [5, 1, 5, 4, 2]}",0,66,"['9780470045299', '9781590592168', '9780375837890']","['9788489746152', '9781878825049', '9780099478423', '9781400031047', '9780812575583']","[5, 1, 5, 4, 2]","[0, 1, 2, 5, 1]","[ 0.   1.   0.  -0.2 -1.  -1.2  0.   0.   0.   0.   0.   0.   0.  -0.6
 -0.6  0.   0.   0.   0.   0.  -0.2  1.   0.   0.   0.   0.   0.   0.
  0.   0.   0.   0.   0.  -1.  -0.6 -0.2 -0.6 -0.2 -1.2 -0.2  0.4 -1.6
 -1.6  0.2  0.  -2.2  0.8 -1.4  0.   0.  -1.8 -0.6  1. ]"
67,"{'llibres_usuari': ['9780435123437', '9780786815937', '9781905177042', '9780205358625', '9780440979753'], 'val_llibres': [2, 1, 2, 2, 2], 'llibres_recomanats': ['9781932416244', '9780060934729', '9780486281223'], 'puntuacio_llibres': [1, 2, 1, 1, 4]}",0,67,"['9781932416244', '9780060934729', '9780486281223']","['9780435123437', '9780786815937', '9781905177042', '9780205358625', '9780440979753']","[1, 2, 1, 1, 4]","[2, 1, 2, 2, 2]","[-0.4  0.  -0.2  0.   0.  -0.6 -0.2  0.   0.   0.   0.  -0.2  0.  -0.2
  0.   0.   0.   0.   0.   0.   0.   0.  -0.2  0.   0.   0.   0.   0.
  0.   0.   0.   0.  -0.8  0.   0.  -0.8 -0.6 -0.4 -1.   0.  -0.4 -1.
 -0.2 -1.2 -1.  -0.4  0.   0.  -0.8 -0.6 -0.4 -0.2 -0.8]"
68,"{'llibres_usuari': ['9780521674935', '9780470045299', '9781598530018', '9781845760656', '9783150093351'], 'val_llibres': [0, 4, 4, 0, 0], 'llibres_recomanats': ['9780060609191', '9784048526456', '9780195023664'], 'puntuacio_llibres': [4, 4, 3, 4, 5]}",0,68,"['9780060609191', '9784048526456', '9780195023664']","['9780521674935', '9780470045299', '9781598530018', '9781845760656', '9783150093351']","[4, 4, 3, 4, 5]","[0, 4, 4, 0, 0]","[-2.  -1.   0.   0.   0.   0.   1.2  0.   0.   0.   0.   0.   0.  -1.
  0.   0.   0.   0.   0.   0.6 -1.   0.  -1.   0.   0.6  0.   0.   0.
  0.   0.   0.   0.   0.   0.   0.   0.2 -2.  -1.4 -0.4 -1.   0.6 -1.4
 -2.   0.2  0.6 -0.4 -2.   0.6  0.  -2.4 -2.   0.6 -0.4]"
69,"{'llibres_usuari': ['9780787976385', '9780385487184', '9780140042320', '9780486447780', '9780751533934'], 'val_llibres': [2, 3, 5, 3, 1], 'llibres_recomanats': ['9781594710643', '9781586634490', '9780785260905'], 'puntuacio_llibres': [2, 2, 4, 1, 2]}",1,69,"['9781594710643', '9781586634490', '9780785260905']","['9780787976385', '9780385487184', '9780140042320', '9780486447780', '9780751533934']","[2, 2, 4, 1, 2]","[2, 3, 5, 3, 1]","[ 1.   0.  -0.4  0.  -0.2  0.   0.2  0.   0.   0.   0.   0.   0.   0.
  0.  -0.2  0.   0.   1.2  0.   0.   0.   0.   0.2  0.   0.   0.   0.
 -0.6  0.   0.   0.   0.   0.   1.2 -0.2 -0.4  0.2  0.4  1.   0.2 -0.6
  0.4  0.2  0.6  0.2 -0.2  0.2  1.  -0.6  0.   0.2  0.4]"
70,"{'llibres_usuari': ['9780880071314', '9780517581001', '9780201748673', '9780441005833', '9780691027494'], 'val_llibres': [0, 4, 0, 1, 0], 'llibres_recomanats': ['9780571164660', '9781400076956', '9780140196092'], 'puntuacio_llibres': [3, 5, 1, 4, 2]}",0,70,"['9780571164660', '9781400076956', '9780140196092']","['9780880071314', '9780517581001', '9780201748673', '9780441005833', '9780691027494']","[3, 5, 1, 4, 2]","[0, 4, 0, 1, 0]","[ 0.   0.  -1.   0.6 -2.  -0.6  0.   0.  -1.   0.   0.  -1.   0.   0.
 -0.6 -1.   0.   0.6  0.   0.   0.   0.   0.   0.   0.   0.   0.   0.
  0.   0.   0.   0.   0.   0.  -2.6  0.  -0.4 -1.4 -1.6 -1.  -1.6 -0.4
 -0.4 -2.6 -1.6 -1.  -0.4 -0.4 -2.6  0.  -1.  -1.  -1. ]"
71,"{'llibres_usuari': ['9781593109158', '9780452285934', '9780613589451', '9780345476098', '9780691014227'], 'val_llibres': [4, 4, 5, 0, 4], 'llibres_recomanats': ['9788496546424', '9780425207185', '9780060733353'], 'puntuacio_llibres': [2, 3, 3, 2, 0]}",3,71,"['9788496546424', '9780425207185', '9780060733353']","['9781593109158', '9780452285934', '9780613589451', '9780345476098', '9780691014227']","[2, 3, 3, 2, 0]","[4, 4, 5, 0, 4]","[ 1.  -1.   0.   1.2  0.6  0.   0.   1.   0.   0.   0.   0.   0.  -1.
  0.   0.   0.   0.   0.   0.   0.   0.   0.   0.   0.   0.   0.6  0.
  0.   0.   0.6  0.   0.   0.6  0.6  0.2  1.  -1.   2.8  1.2 -1.   1.6
 -0.4  2.2  0.2  1.6  0.   1.2  1.6 -1.   1.   0.6  0.2]"
72,"{'llibres_usuari': ['9780312424688', '9780141184548', '9780140153194', '9780671039721', '9780373483372'], 'val_llibres': [0, 2, 5, 0, 3], 'llibres_recomanats': ['9780972859899', '9780060929602', '9780374522872'], 'puntuacio_llibres': [4, 3, 4, 5, 3]}",2,72,"['9780972859899', '9780060929602', '9780374522872']","['9780312424688', '9780141184548', '9780140153194', '9780671039721', '9780373483372']","[4, 3, 4, 5, 3]","[0, 2, 5, 0, 3]","[ 0.   0.2 -1.   0.8  0.   0.  -1.   0.   0.  -1.   0.   0.   0.   0.
 -0.2  0.   0.   0.2  0.   0.   0.   0.   0.   1.   0.   0.   0.   0.
  0.   0.   0.   0.  -1.   0.   1.  -1.2 -0.8 -1.2  0.2  0.   0.  -1.
 -1.2  0.2 -0.8  0.  -0.2 -2.2  1.2  0.   0.8  0.2 -2. ]"
73,"{'llibres_usuari': ['9788439710097', '9780446618748', '9780064408745', '9781561583768', '9780452011670'], 'val_llibres': [1, 5, 2, 4, 3], 'llibres_recomanats': ['9780142400371', '9780198144960', '9780385315173'], 'puntuacio_llibres': [4, 3, 3, 1, 2]}",3,73,"['9780142400371', '9780198144960', '9780385315173']","['9788439710097', '9780446618748', '9780064408745', '9781561583768', '9780452011670']","[4, 3, 3, 1, 2]","[1, 5, 2, 4, 3]","[ 0.2 -0.2  1.6  0.   0.  -0.6  0.   0.   0.   0.   0.   0.   0.6  0.2
 -0.6  1.   0.  -0.2  0.   0.   0.   0.   0.   0.   0.   0.   0.   0.
  0.   0.   0.   0.   0.   0.   1.2 -0.2  0.   0.   1.   1.   0.2 -0.2
  0.   1.  -0.6  0.8  0.8 -0.2  1.2  0.   0.   0.   1. ]"
74,"{'llibres_usuari': ['9780312300531', '9781565124509', '9780805377958', '9780330371247', '9780415907446'], 'val_llibres': [5, 4, 1, 2, 3], 'llibres_recomanats': ['9780802151827', '9780687002825', '9781569473962'], 'puntuacio_llibres': [2, 3, 0, 2, 1]}",3,74,"['9780802151827', '9780687002825', '9781569473962']","['9780312300531', '9781565124509', '9780805377958', '9780330371247', '9780415907446']","[2, 3, 0, 2, 1]","[5, 4, 1, 2, 3]","[ 0.   1.   0.  -0.4  0.   0.4  0.   0.   0.   0.2  0.   0.6  0.   0.
  0.   0.  -0.6  0.   0.   0.   0.   0.   0.   0.   0.   0.   0.   0.
  0.   0.  -0.2  1.   0.   0.   0.2  0.8  0.  -0.4  1.4  0.   0.4  0.6
  0.   1.   0.8  0.2  0.   0.  -0.8  1.8  1.   0.6 -0.6]"
75,"{'llibres_usuari': ['9781416507819', '9780449910832', '9780393960587', '9780345317575', '9780465081981'], 'val_llibres': [4, 2, 2, 4, 5], 'llibres_recomanats': ['9780671624132', '9780786863341', '9780972859899'], 'puntuacio_llibres': [0, 3, 5, 2, 5]}",3,75,"['9780671624132', '9780786863341', '9780972859899']","['9781416507819', '9780449910832', '9780393960587', '9780345317575', '9780465081981']","[0, 3, 5, 2, 5]","[4, 2, 2, 4, 5]","[ 0.   0.   0.6  1.6  0.  -0.2 -0.2  0.   0.   0.   0.   0.   0.   0.
  0.   0.   0.   0.   0.   0.   0.  -0.2  0.   1.   0.6  0.   0.   0.
  0.   0.   0.   0.   0.4  0.   1.4  0.   0.4  1.2  0.6  0.6  1.2  0.
  0.2  1.6 -0.2  2.   0.   0.4  0.8  0.6  0.6  0.8  0.4]"
76,"{'llibres_usuari': ['9780515122565', '9780439023313', '9781401301019', '9780786937707', '9780807615324'], 'val_llibres': [3, 5, 5, 3, 5], 'llibres_recomanats': ['9780436200526', '9780142002049', '9780471292456'], 'puntuacio_llibres': [4, 0, 0, 4, 2]}",3,76,"['9780436200526', '9780142002049', '9780471292456']","['9780515122565', '9780439023313', '9781401301019', '9780786937707', '9780807615324']","[4, 0, 0, 4, 2]","[3, 5, 5, 3, 5]","[0.  0.  1.  0.  0.  1.4 1.  0.  0.  0.  0.  0.  0.  0.  0.  2.  0.  0.
 0.  0.  0.  0.  0.  0.  0.  0.  0.  1.2 0.  0.2 0.  0.  0.  0.  1.4 2.
 0.  0.2 3.2 1.4 2.  0.  3.  0.4 2.2 0.2 1.  2.2 1.2 0.  3.  0.  0.4]"
77,"{'llibres_usuari': ['9781840460643', '9780767919371', '9780486450490', '9781588990853', '9780826415745'], 'val_llibres': [4, 3, 0, 1, 0], 'llibres_recomanats': ['9780553574630', '9780821778258', '9781563899317'], 'puntuacio_llibres': [2, 2, 5, 4, 4]}",0,77,"['9780553574630', '9780821778258', '9781563899317']","['9781840460643', '9780767919371', '9780486450490', '9781588990853', '9780826415745']","[2, 2, 5, 4, 4]","[4, 3, 0, 1, 0]","[-1.  -0.8  0.  -0.6  0.   0.6  0.   0.   0.   0.   0.   0.   0.   0.
  0.  -0.4  0.   0.   0.  -1.   0.   0.   0.   0.6  0.   0.   0.  -1.
  0.   0.   0.   0.   0.   0.   0.2 -1.6 -0.4 -2.   0.2 -1.  -0.8  0.
 -2.4  0.6  0.6  0.2 -2.6 -0.8 -1.   0.   0.2 -1.6 -0.4]"
78,"{'llibres_usuari': ['9781413900200', '9783822505878', '9780827230286', '9781400034413', '9780334028963'], 'val_llibres': [1, 2, 1, 4, 5], 'llibres_recomanats': ['9780879387556', '9780525467779', '9780307238276'], 'puntuacio_llibres': [1, 5, 1, 1, 5]}",1,78,"['9780879387556', '9780525467779', '9780307238276']","['9781413900200', '9783822505878', '9780827230286', '9781400034413', '9780334028963']","[1, 5, 1, 1, 5]","[1, 2, 1, 4, 5]","[-0.6  0.  -0.2  0.   0.   1.   0.   0.   0.   0.   0.   0.   0.   0.
  0.  -0.2  1.   0.   0.   0.   0.   0.   0.   0.   0.   0.   0.   0.
  0.  -0.6  0.   0.   0.   0.  -0.8  0.4  0.6  1.  -0.8 -1.2  1.   0.4
 -0.2  0.4 -0.6  0.8  0.  -0.8  1.6 -0.6 -0.6 -0.2  1. ]"
79,"{'llibres_usuari': ['9780441248834', '9781852424497', '9780029221303', '9780140152128', '9780688172176'], 'val_llibres': [4, 5, 0, 1, 0], 'llibres_recomanats': ['9780915145690', '9781400043361', '9780452263499'], 'puntuacio_llibres': [2, 1, 3, 0, 2]}",0,79,"['9780915145690', '9781400043361', '9780452263499']","['9780441248834', '9781852424497', '9780029221303', '9780140152128', '9780688172176']","[2, 1, 3, 0, 2]","[4, 5, 0, 1, 0]","[ 0.   0.   0.  -1.6  0.   0.   0.6  0.  -0.6  0.   0.   0.   0.  -1.
  0.   0.   1.   0.   0.   0.   0.   0.   0.   0.   0.   0.   0.   0.
 -0.4  0.   0.   0.   0.   0.   0.   0.6 -1.6  1.  -2.  -0.6 -2.   1.6
  0.6 -1.6  0.6 -0.6 -1.  -1.  -1.   1.  -0.6 -1.   0.6]"
80,"{'llibres_usuari': ['9781402736957', '9781593080495', '9781402714542', '9781591163527', '9781423101451'], 'val_llibres': [1, 2, 0, 5, 1], 'llibres_recomanats': ['9780446672849', '9780802839725', '9780521315791'], 'puntuacio_llibres': [1, 1, 0, 1, 5]}",0,80,"['9780446672849', '9780802839725', '9780521315791']","['9781402736957', '9781593080495', '9781402714542', '9781591163527', '9781423101451']","[1, 1, 0, 1, 5]","[1, 2, 0, 5, 1]","[ 0.  -0.8  0.4 -1.   0.   0.   0.   0.   0.   0.   0.   0.  -0.6 -1.
  0.  -0.2  0.   0.   0.   0.   0.4  0.   0.   0.   0.   0.   0.   0.
  0.   0.   0.   0.   0.   0.  -1.8  0.4  0.   0.4 -1.8 -0.2 -1.6  0.4
  1.  -2.4  0.  -0.6 -0.8  0.4 -1.2 -0.6 -2.2  1.  -0.2]"
81,"{'llibres_usuari': ['9780060833183', '9780140449495', '9780872201927', '9780060973469', '9780465081455'], 'val_llibres': [5, 5, 1, 1, 0], 'llibres_recomanats': ['9780393321630', '9780553562941', '9780879757458'], 'puntuacio_llibres': [0, 1, 1, 2, 5]}",1,81,"['9780393321630', '9780553562941', '9780879757458']","['9780060833183', '9780140449495', '9780872201927', '9780060973469', '9780465081455']","[0, 1, 1, 2, 5]","[5, 5, 1, 1, 0]","[ 0.  -1.   1.  -0.6  0.   0.4  0.   0.   0.   0.   0.   0.  -1.   1.
  0.   0.   0.   0.   0.   0.   0.   0.   0.   0.   0.   0.   0.   0.
  0.  -0.6  0.   0.   1.  -0.6 -0.6  2.  -1.6  1.4 -1.6  0.  -1.2  1.
  0.4 -0.6 -1.   0.4  0.4  0.  -0.6  0.4  1.4 -1.6  0. ]"
82,"{'llibres_usuari': ['9780446618748', '9784757508552', '9780140444551', '9780099498582', '9781892391209'], 'val_llibres': [5, 2, 2, 0, 5], 'llibres_recomanats': ['9780316014502', '9780060582548', '9780446608282'], 'puntuacio_llibres': [4, 5, 0, 1, 4]}",1,82,"['9780316014502', '9780060582548', '9780446608282']","['9780446618748', '9784757508552', '9780140444551', '9780099498582', '9781892391209']","[4, 5, 0, 1, 4]","[5, 2, 2, 0, 5]","[ 0.   0.8  0.   0.   0.  -0.2  0.   0.   0.   0.   0.   0.   0.   0.
  0.   1.   0.   0.   0.   0.   0.   0.  -0.2  0.   0.   0.   0.   0.
  1.  -0.2  0.   0.  -1.   0.   1.  -1.4  1.   0.8 -0.2 -0.2 -0.2  1.
 -1.2  1.8 -0.4  0.   1.  -1.   1.8 -0.2  0.  -0.2  0.8]"
83,"{'llibres_usuari': ['9780691027494', '9780553587890', '9780689807015', '9780061152559', '9780374530310'], 'val_llibres': [5, 1, 0, 5, 0], 'llibres_recomanats': ['9780810935204', '9780060645892', '9780743536967'], 'puntuacio_llibres': [2, 4, 4, 4, 4]}",1,83,"['9780810935204', '9780060645892', '9780743536967']","['9780691027494', '9780553587890', '9780689807015', '9780061152559', '9780374530310']","[2, 4, 4, 4, 4]","[5, 1, 0, 5, 0]","[ 1.  -0.6  0.  -1.   1.  -1.   0.   0.   0.   0.   0.   0.   0.   0.
  0.   1.   0.   0.   0.   0.   0.   0.  -1.   0.   0.  -0.6  0.   1.
  0.   0.   0.   0.  -1.   0.   0.   0.4 -1.   2.  -2.6  1.   0.  -1.6
 -1.6  1.   0.  -1.6  1.  -0.6  1.  -1.   0.4  0.  -1. ]"
84,"{'llibres_usuari': ['9780747553861', '9780786936694', '9780451529695', '9780785950103', '9781551117225'], 'val_llibres': [0, 3, 1, 2, 2], 'llibres_recomanats': ['9780465067107', '9780679738169', '9780312352356'], 'puntuacio_llibres': [0, 5, 5, 5, 1]}",0,84,"['9780465067107', '9780679738169', '9780312352356']","['9780747553861', '9780786936694', '9780451529695', '9780785950103', '9781551117225']","[0, 5, 5, 5, 1]","[0, 3, 1, 2, 2]","[-1.2 -0.2  0.  -0.6  0.   0.   0.2 -0.6  0.   0.  -1.   0.   0.   0.
  0.   0.  -0.2  0.   0.   0.   0.   0.   0.   0.   0.   0.   0.   0.
  0.   0.   0.   0.   0.   0.  -0.6 -0.4 -0.8  0.  -1.8 -0.6 -1.  -0.2
 -1.  -0.8 -1.8  0.   0.  -1.  -0.8  0.  -0.8 -0.8 -0.2]"
85,"{'llibres_usuari': ['9780064410939', '9781587155871', '9780440204930', '9780306801457', '9780521750844'], 'val_llibres': [0, 2, 3, 2, 4], 'llibres_recomanats': ['9782266108270', '9781556591600', '9781578633227'], 'puntuacio_llibres': [5, 5, 4, 0, 5]}",2,85,"['9782266108270', '9781556591600', '9781578633227']","['9780064410939', '9781587155871', '9780440204930', '9780306801457', '9780521750844']","[5, 5, 4, 0, 5]","[0, 2, 3, 2, 4]","[ 0.6  0.  -0.2  0.  -1.   0.   0.  -0.2  0.   0.   0.   0.   0.   0.
  0.   0.   0.6  0.   0.   0.   0.   0.   0.   0.  -1.   0.   0.   0.
  0.   0.   0.   0.   0.   0.   0.  -0.6  0.  -0.6  0.  -1.4  0.8  0.
  0.2 -0.8 -0.2  0.6 -1.  -1.   0.6 -0.2  0.4 -1.2  0.2]"
86,"{'llibres_usuari': ['9780755323012', '9780345451132', '9780525945567', '9780822217183', '9781417618255'], 'val_llibres': [0, 1, 5, 2, 4], 'llibres_recomanats': ['9780826452320', '9784088732138', '9789861146102'], 'puntuacio_llibres': [4, 4, 0, 0, 0]}",1,86,"['9780826452320', '9784088732138', '9789861146102']","['9780755323012', '9780345451132', '9780525945567', '9780822217183', '9781417618255']","[4, 4, 0, 0, 0]","[0, 1, 5, 2, 4]","[ 0.   0.   0.   0.   1.6 -0.8 -1.   0.   0.   0.   0.   0.   0.   0.
  0.   0.   0.   0.   0.   0.  -1.   0.   0.  -0.6 -0.2  0.   1.   0.
  0.   0.   0.   0.6  0.   0.  -1.   1.  -0.2  0.6 -0.8  0.4 -0.4 -0.2
 -0.6  0.4 -0.6 -0.2  0.6  1.   0.  -1.2  0.4 -1.6  1. ]"
87,"{'llibres_usuari': ['9780192862099', '9780099437529', '9780201500646', '9780807831090', '9780553011807'], 'val_llibres': [3, 0, 0, 2, 1], 'llibres_recomanats': ['9780375832215', '9780847819270', '9780140367386'], 'puntuacio_llibres': [4, 4, 2, 1, 1]}",0,87,"['9780375832215', '9780847819270', '9780140367386']","['9780192862099', '9780099437529', '9780201500646', '9780807831090', '9780553011807']","[4, 4, 2, 1, 1]","[3, 0, 0, 2, 1]","[ 0.   0.2 -0.6 -1.  -1.  -0.2  0.   0.  -1.   0.   0.2  0.   0.  -1.
  0.  -0.2  0.   0.   0.   0.   0.   0.  -0.6  0.   0.   0.   0.   0.
  0.   0.   0.   0.   0.   0.  -1.4  0.  -1.2 -1.8 -0.8 -0.8 -0.2 -1.6
  0.  -2.6 -0.8  0.  -1.8 -2.2  0.  -0.4 -1.   0.  -1.6]"
88,"{'llibres_usuari': ['9781400075713', '9781579546014', '9780575068858', '9780061122415', '9780495006855'], 'val_llibres': [5, 2, 4, 3, 1], 'llibres_recomanats': ['9780441014453', '9780553273465', '9780425153970'], 'puntuacio_llibres': [4, 4, 3, 3, 2]}",1,88,"['9780441014453', '9780553273465', '9780425153970']","['9781400075713', '9781579546014', '9780575068858', '9780061122415', '9780495006855']","[4, 4, 3, 3, 2]","[5, 2, 4, 3, 1]","[ 0.   0.   0.   0.   0.6  0.   0.4  0.   0.   0.   0.   0.  -0.2  0.
  0.   0.   1.   0.6  0.   0.   0.   0.   0.2  0.   0.   0.   0.   0.
  0.   0.   0.   0.  -0.6  0.   0.   1.   0.   0.2  0.8 -0.6  0.6  1.
  1.   0.   0.   0.   1.  -0.6  0.2  1.4  0.6  0.2  0.2]"
89,"{'llibres_usuari': ['9784063633221', '9780439681360', '9780679853954', '9781857988192', '9780307350404'], 'val_llibres': [2, 1, 5, 3, 2], 'llibres_recomanats': ['9781400076819', '9782290328309', '9780596003067'], 'puntuacio_llibres': [1, 0, 2, 2, 4]}",2,89,"['9781400076819', '9782290328309', '9780596003067']","['9784063633221', '9780439681360', '9780679853954', '9781857988192', '9780307350404']","[1, 0, 2, 2, 4]","[2, 1, 5, 3, 2]","[-0.4  1.  -0.2 -0.2  0.   0.   0.   0.   0.  -0.2  0.   0.   0.   0.
  0.   0.2  1.   0.   0.  -0.6  0.   0.   0.   0.   0.   0.  -0.2  0.
  0.   0.   0.   0.   0.   0.  -0.6  0.   0.8 -0.6  0.8  0.4  0.2 -0.4
  0.2  0.  -0.2 -0.2  0.6 -0.4 -0.2  0.8  0.2  0.   0. ]"
90,"{'llibres_usuari': ['9780836217698', '9780679761792', '9781891190230', '9780972851725', '9780226182001'], 'val_llibres': [2, 4, 2, 4, 0], 'llibres_recomanats': ['9780807050118', '9780736411035', '9780872206786'], 'puntuacio_llibres': [3, 3, 2, 4, 4]}",2,90,"['9780807050118', '9780736411035', '9780872206786']","['9780836217698', '9780679761792', '9781891190230', '9780972851725', '9780226182001']","[3, 3, 2, 4, 4]","[2, 4, 2, 4, 0]","[ 0.   0.4  0.  -1.  -0.2  0.6  0.   0.  -0.2  0.   0.   0.   0.6  0.
  0.  -0.2  0.   0.   0.   0.   0.  -1.   0.   0.   0.   0.   0.   0.
  0.   0.   0.   0.   0.6  0.  -0.4  0.4 -0.2 -0.6  0.4 -0.2  0.4 -0.4
  0.  -0.2 -0.4  0.4 -0.2 -0.2  0.4 -0.4  0.6 -0.6 -0.2]"
91,"{'llibres_usuari': ['9780761956921', '9780345427052', '9780613371650', '9780743253291', '9780316769174'], 'val_llibres': [5, 1, 5, 1, 5], 'llibres_recomanats': ['9780440412243', '9781573227957', '9780440241812'], 'puntuacio_llibres': [5, 4, 4, 5, 3]}",1,91,"['9780440412243', '9781573227957', '9780440241812']","['9780761956921', '9780345427052', '9780613371650', '9780743253291', '9780316769174']","[5, 4, 4, 5, 3]","[5, 1, 5, 1, 5]","[ 1.   1.   0.   1.   0.  -1.2  0.  -0.6  0.   0.   0.   0.   1.   0.
  0.   0.   0.   0.   0.   0.   0.   0.   0.   0.   0.   0.   0.   0.
  0.   0.   0.   0.4  1.   0.   1.   2.  -1.2  2.4 -0.6 -0.6  1.4  1.
 -0.6  2.4  1.   0.4  0.4  0.4  1.   0.4  0.4  2.  -0.6]"
92,"{'llibres_usuari': ['9781561632893', '9780727860996', '9780691097183', '9780394862545', '9780440216803'], 'val_llibres': [0, 2, 0, 4, 4], 'llibres_recomanats': ['9780064420815', '9780345487018', '9780679433132'], 'puntuacio_llibres': [1, 2, 2, 3, 5]}",2,92,"['9780064420815', '9780345487018', '9780679433132']","['9781561632893', '9780727860996', '9780691097183', '9780394862545', '9780440216803']","[1, 2, 2, 3, 5]","[0, 2, 0, 4, 4]","[ 0.  -0.2  0.   0.  -1.  -0.4  0.6  0.   0.   0.6  0.   0.   0.   0.
 -0.2  0.   0.   0.   0.   0.   0.   0.  -1.   0.   0.   0.   0.6  0.
  0.   0.   0.  -1.   0.   0.  -1.  -1.   1.  -1.   0.  -1.   1.  -1.
  0.4 -1.4 -0.4 -1.2  0.6 -0.6 -0.4  0.  -0.8 -0.2  0. ]"
93,"{'llibres_usuari': ['9781877741098', '9780929587783', '9780451213594', '9780571219315', '9780684854755'], 'val_llibres': [3, 5, 3, 5, 3], 'llibres_recomanats': ['9788408045755', '9780563388326', '9781883011543'], 'puntuacio_llibres': [0, 3, 0, 4, 1]}",3,93,"['9788408045755', '9780563388326', '9781883011543']","['9781877741098', '9780929587783', '9780451213594', '9780571219315', '9780684854755']","[0, 3, 0, 4, 1]","[3, 5, 3, 5, 3]","[2.  0.  0.2 0.4 0.  0.  0.  0.  0.  0.  0.2 0.  0.  1.  0.  0.  0.  0.
 0.  0.2 0.  0.  0.  0.  0.  0.2 0.  0.  0.  0.  0.  0.  1.  0.  2.2 0.2
 0.2 0.2 2.4 2.  0.4 0.2 1.  1.6 0.2 1.2 1.2 2.4 0.2 0.  0.2 0.2 2.2]"
94,"{'llibres_usuari': ['9781405835640', '9781400096718', '9780140502879', '9780915144228', '9782266144346'], 'val_llibres': [4, 4, 2, 3, 5], 'llibres_recomanats': ['9780486451404', '9781569716199', '9789500426541'], 'puntuacio_llibres': [2, 0, 5, 5, 0]}",3,94,"['9780486451404', '9781569716199', '9789500426541']","['9781405835640', '9781400096718', '9780140502879', '9780915144228', '9782266144346']","[2, 0, 5, 5, 0]","[4, 4, 2, 3, 5]","[ 0.   0.4  0.   0.   0.   1.8  0.   0.6  0.   1.   0.   0.   0.2  0.
  0.   0.   0.6  0.   0.   0.   0.   0.   0.   0.   0.   0.   0.   0.
  0.   0.   0.   0.  -0.2  0.   1.8  0.4  0.   2.2  0.   0.6  1.   0.6
  1.6  0.6  1.   0.6  0.6  0.6  1.   0.6  0.8  0.8  0.6]"
95,"{'llibres_usuari': ['9780747546559', '9780688166250', '9780151012268', '9780061054686', '9780606105262'], 'val_llibres': [2, 1, 0, 3, 2], 'llibres_recomanats': ['9780451528902', '9780843955286', '9780060245603'], 'puntuacio_llibres': [1, 0, 4, 2, 4]}",0,95,"['9780451528902', '9780843955286', '9780060245603']","['9780747546559', '9780688166250', '9780151012268', '9780061054686', '9780606105262']","[1, 0, 4, 2, 4]","[2, 1, 0, 3, 2]","[-0.6  0.   0.   0.  -0.8 -0.4  0.   0.   0.   0.   0.   0.   0.   0.
  0.   0.   0.   0.   0.2  0.   0.  -0.2  0.   0.  -0.6  0.   0.   0.
 -1.  -0.2  0.   0.   0.   0.  -1.2  0.  -0.6 -1.2 -0.6 -0.6 -1.  -0.2
 -0.6 -1.2  0.2 -1.2 -0.8 -0.6 -0.4 -0.8 -1.6 -0.2  0. ]"
96,"{'llibres_usuari': ['9780374131944', '9780743250412', '9780099498582', '9780756611293', '9780785113454'], 'val_llibres': [0, 0, 2, 2, 0], 'llibres_recomanats': ['9781596670235', '9780684843124', '9780515123463'], 'puntuacio_llibres': [5, 1, 0, 1, 5]}",0,96,"['9781596670235', '9780684843124', '9780515123463']","['9780374131944', '9780743250412', '9780099498582', '9780756611293', '9780785113454']","[5, 1, 0, 1, 5]","[0, 0, 2, 2, 0]","[ 0.  -1.  -0.2 -1.  -1.   0.  -0.2  0.   0.   0.   0.   0.  -0.2  0.
  0.  -1.   0.   0.   0.  -1.   0.   0.   0.   0.   0.   0.   0.   0.
  0.   0.   0.   0.  -0.2 -1.  -2.  -1.4  0.  -2.2 -1.2 -2.4  0.  -1.
 -0.2 -3.2 -1.2 -1.  -1.2 -2.2 -1.2  0.  -1.4 -1.  -1. ]"
97,"{'llibres_usuari': ['9781584850557', '9780521657297', '9780747562832', '9780471292517', '9781401212636'], 'val_llibres': [2, 1, 0, 1, 0], 'llibres_recomanats': ['9780671793562', '9780486451381', '9780380804689'], 'puntuacio_llibres': [2, 4, 5, 5, 1]}",0,97,"['9780671793562', '9780486451381', '9780380804689']","['9781584850557', '9780521657297', '9780747562832', '9780471292517', '9781401212636']","[2, 4, 5, 5, 1]","[2, 1, 0, 1, 0]","[-1.   0.  -0.6 -0.6  0.  -1.2  0.  -0.2 -0.6  0.  -1.   0.  -0.6  0.
  0.   0.   0.   0.   0.   0.   0.   0.   0.   0.   0.   0.   0.   0.
  0.   0.   0.  -1.   0.   0.  -1.2 -1.6 -0.6 -1.8 -1.6 -1.8 -0.6 -1.
 -1.6 -1.8 -0.6 -1.  -1.8  0.  -1.2 -2.2  0.  -2.2 -1.2]"
98,"{'llibres_usuari': ['9781405088565', '9780792238935', '9780156007085', '9781595324399', '9780671793562'], 'val_llibres': [4, 1, 4, 4, 4], 'llibres_recomanats': ['9780679882817', '9781400091058', '9780451218049'], 'puntuacio_llibres': [4, 5, 4, 3, 3]}",3,98,"['9780679882817', '9781400091058', '9780451218049']","['9781405088565', '9780792238935', '9780156007085', '9781595324399', '9780671793562']","[4, 5, 4, 3, 3]","[4, 1, 4, 4, 4]","[ 0.  -0.6  1.2  0.   0.6  0.6  0.   0.   0.   0.   0.   0.   0.   0.6
  0.   0.   0.   0.   0.   0.6 -0.6  0.   0.   0.   0.   0.   0.   0.
  0.   0.   0.6  0.6  0.   0.   0.   0.6  1.2  1.2  0.6  1.2  0.6  0.
  1.2  0.6  1.2  0.6  0.   0.6  0.   1.2  0.6  0.   1.2]"
99,"{'llibres_usuari': ['9780593047507', '9781840224535', '9781892065148', '9780345446664', '9780553803136'], 'val_llibres': [1, 4, 4, 4, 4], 'llibres_recomanats': ['9781417629763', '9781585671267', '9780140345827'], 'puntuacio_llibres': [4, 2, 0, 3, 3]}",3,99,"['9781417629763', '9781585671267', '9780140345827']","['9780593047507', '9781840224535', '9781892065148', '9780345446664', '9780553803136']","[4, 2, 0, 3, 3]","[1, 4, 4, 4, 4]","[ 0.6  0.6  0.6  0.   0.  -0.6  0.6  0.   0.   0.   0.   0.  -0.6  0.
  1.2  0.6  0.   0.   0.   0.   0.   0.   0.6  0.   0.   0.   0.   0.
  0.   0.   0.   0.   0.   0.   0.6  0.6  0.6  0.6  1.2  1.2  0.6  0.
  1.2  0.6  0.   1.2  0.6  0.   1.2  0.6  1.2  1.2 -0.6]"
